block,street_name,lat,lon
309,ANG MO KIO AVE 1,1.37702,103.83473
216,ANG MO KIO AVE 1,1.3662,103.84151
211,ANG MO KIO AVE 3,1.3692,103.84167
202,ANG MO KIO AVE 3,1.36845,103.84452
235,ANG MO KIO AVE 3,1.36682,103.83649
232,ANG MO KIO AVE 3,1.36835,103.8372
308,ANG MO KIO AVE 1,1.3657,103.84435
220,ANG MO KIO AVE 1,1.36559,103.84052
219,ANG MO KIO AVE 1,1.36598,103.84065
247,ANG MO KIO AVE 3,,
320,ANG MO KIO AVE 1,1.36559,103.84839
252,ANG MO KIO AVE 4,,
223,ANG MO KIO AVE 1,1.36605,103.83812
230,ANG MO KIO AVE 3,1.36885,103.8379
329,ANG MO KIO AVE 3,1.3666,103.84687
313,ANG MO KIO AVE 3,1.36665,103.85013
117,ANG MO KIO AVE 4,1.37372,103.83561
110,ANG MO KIO AVE 4,1.37046,103.83742
343,ANG MO KIO AVE 3,1.36837,103.84915
345,ANG MO KIO AVE 3,1.36749,103.84965
346,ANG MO KIO AVE 3,1.3671,103.84966
121,ANG MO KIO AVE 3,1.36971,103.84352
129,ANG MO KIO AVE 3,1.36989,103.84206
130,ANG MO KIO AVE 3,1.3704,103.84188
128,ANG MO KIO AVE 3,1.37083,103.84355
127,ANG MO KIO AVE 3,1.37122,103.84359
126,ANG MO KIO AVE 3,1.37165,103.84364
403,ANG MO KIO AVE 10,1.36127,103.85464
404,ANG MO KIO AVE 10,1.36168,103.85473
405,ANG MO KIO AVE 10,1.36158,103.85381
417,ANG MO KIO AVE 10,1.36496,103.8552
418,ANG MO KIO AVE 10,1.36495,103.85404
419,ANG MO KIO AVE 10,1.36535,103.85415
441,ANG MO KIO AVE 10,1.36605,103.85417
442,ANG MO KIO AVE 10,1.36565,103.85523
443,ANG MO KIO AVE 10,1.36604,103.85537
444,ANG MO KIO AVE 10,1.3666,103.85558
450,ANG MO KIO AVE 10,1.36848,103.85547
435,ANG MO KIO AVE 10,1.36766,103.85431
433,ANG MO KIO AVE 10,1.36808,103.85435
434,ANG MO KIO AVE 10,1.36789,103.85346
424,ANG MO KIO AVE 3,1.36861,103.85081
425,ANG MO KIO AVE 3,1.36912,103.85162
466,ANG MO KIO AVE 10,1.36582,103.85706
471,ANG MO KIO AVE 10,1.36347,103.8567
474,ANG MO KIO AVE 10,1.36276,103.85802
570,ANG MO KIO AVE 3,1.36974,103.85602
586,ANG MO KIO AVE 3,1.3703,103.85346
455,ANG MO KIO AVE 10,,
465,ANG MO KIO AVE 10,1.3662,103.8572
463,ANG MO KIO AVE 10,1.36695,103.85749
564,ANG MO KIO AVE 3,1.36985,103.8594
560,ANG MO KIO AVE 10,1.37082,103.85919
558,ANG MO KIO AVE 10,1.37124,103.85919
559,ANG MO KIO AVE 10,1.371,103.85786
538,ANG MO KIO AVE 5,1.37559,103.85335
534,ANG MO KIO AVE 10,1.37406,103.85417
601,ANG MO KIO AVE 5,1.38104,103.83513
603,ANG MO KIO AVE 5,1.3802,103.83576
604,ANG MO KIO AVE 5,1.37987,103.83598
608,ANG MO KIO AVE 5,1.37858,103.83676
611,ANG MO KIO AVE 5,1.37829,103.83725
505,ANG MO KIO AVE 8,1.37486,103.85022
503,ANG MO KIO AVE 5,1.37546,103.84894
610,ANG MO KIO AVE 4,1.37939,103.83916
607,ANG MO KIO AVE 4,1.38047,103.83882
524,ANG MO KIO AVE 5,1.37338,103.85304
513,ANG MO KIO AVE 8,1.37274,103.85019
643,ANG MO KIO AVE 5,1.37751,103.84056
542,ANG MO KIO AVE 10,1.37474,103.85588
548,ANG MO KIO AVE 10,1.37291,103.85705
550,ANG MO KIO AVE 10,1.37361,103.8582
639,ANG MO KIO AVE 6,1.37993,103.84246
637,ANG MO KIO AVE 6,1.38036,103.84233
330,ANG MO KIO AVE 1,1.36243,103.85103
333,ANG MO KIO AVE 1,1.36134,103.8517
156,ANG MO KIO AVE 4,1.3755,103.83995
152,ANG MO KIO AVE 5,1.37669,103.84016
178,ANG MO KIO AVE 4,1.37619,103.83704
180,ANG MO KIO AVE 5,1.37668,103.83836
209,ANG MO KIO AVE 3,1.36897,103.84328
231,ANG MO KIO AVE 3,1.36856,103.83753
254,ANG MO KIO AVE 4,1.3702,103.83469
103,ANG MO KIO AVE 3,1.37102,103.8393
105,ANG MO KIO AVE 4,1.37231,103.8376
344,ANG MO KIO AVE 3,1.36798,103.84926
324,ANG MO KIO AVE 3,1.36833,103.84688
120,ANG MO KIO AVE 3,1.37005,103.84459
124,ANG MO KIO AVE 6,1.37089,103.84477
414,ANG MO KIO AVE 10,1.3639,103.85391
438,ANG MO KIO AVE 10,1.36697,103.85391
427,ANG MO KIO AVE 3,1.36931,103.85455
428,ANG MO KIO AVE 3,1.36894,103.85441
473,ANG MO KIO AVE 10,1.36305,103.85685
573,ANG MO KIO AVE 3,1.37056,103.85482
585,ANG MO KIO AVE 3,1.3706,103.85237
456,ANG MO KIO AVE 10,1.36716,103.85866
544,ANG MO KIO AVE 10,1.37396,103.85647
640,ANG MO KIO AVE 6,1.38003,103.84361
638,ANG MO KIO AVE 6,1.38048,103.84357
646,ANG MO KIO AVE 6,1.3794,103.84376
150,ANG MO KIO AVE 5,1.37681,103.84202
179,ANG MO KIO AVE 5,1.3769,103.83622
336,ANG MO KIO AVE 1,1.36359,103.85178
335,ANG MO KIO AVE 1,1.36321,103.85069
401,ANG MO KIO AVE 10,,
439,ANG MO KIO AVE 10,1.36629,103.8535
430,ANG MO KIO AVE 3,,
460,ANG MO KIO AVE 10,1.36634,103.85912
459,ANG MO KIO AVE 10,1.36702,103.85938
716,ANG MO KIO AVE 6,1.37148,103.84587
545,ANG MO KIO AVE 10,1.37318,103.85629
620,ANG MO KIO AVE 9,1.38244,103.83955
622,ANG MO KIO AVE 9,1.38206,103.83974
259,ANG MO KIO AVE 2,1.36858,103.83156
101,ANG MO KIO AVE 3,1.37026,103.83947
620,BEDOK RESERVOIR RD,1.33433,103.91771
534,BEDOK NTH ST 3,1.33304,103.92481
18,BEDOK STH RD,1.32063,103.93473
28,NEW UPP CHANGI RD,1.32369,103.93499
29,NEW UPP CHANGI RD,1.32396,103.93634
30,NEW UPP CHANGI RD,1.32353,103.93642
75,BEDOK NTH RD,1.32791,103.94214
76,BEDOK NTH RD,1.3283,103.94207
501,BEDOK NTH ST 3,1.33164,103.93117
502,BEDOK NTH ST 3,1.33125,103.93124
503,BEDOK NTH ST 3,1.33148,103.93247
504,BEDOK NTH ST 3,1.33188,103.93239
2,BEDOK STH AVE 1,1.3213,103.9333
20,CHAI CHEE RD,1.32627,103.92289
21,CHAI CHEE RD,1.32578,103.92242
59,CHAI CHEE RD,1.32489,103.92025
58,CHAI CHEE DR,1.32596,103.91973
55,CHAI CHEE DR,1.32685,103.91902
22,BEDOK STH AVE 1,1.32283,103.93285
105,BEDOK NTH AVE 4,1.33369,103.93647
104,BEDOK NTH AVE 4,1.3333,103.9366
107,BEDOK NTH RD,1.33232,103.9363
110,BEDOK NTH RD,1.33247,103.93486
69,BEDOK STH AVE 3,1.31935,103.94363
33,BEDOK STH AVE 2,1.32284,103.93912
46,BEDOK STH AVE 3,1.32149,103.94285
117,BEDOK NTH RD,1.33065,103.9385
116,BEDOK NTH RD,1.33101,103.93807
115,BEDOK NTH RD,1.33143,103.93687
125,BEDOK NTH RD,1.32884,103.93912
124,BEDOK NTH RD,1.32926,103.93905
128,BEDOK NTH ST 2,1.32774,103.93901
129,BEDOK NTH ST 2,1.32755,103.93803
138,BEDOK NTH ST 2,1.33001,103.93634
87,BEDOK NTH ST 4,1.3325,103.93859
100,BEDOK NTH AVE 4,1.33414,103.93839
412,BEDOK NTH AVE 2,1.32929,103.93109
402,BEDOK NTH AVE 3,1.33055,103.93369
401,BEDOK NTH AVE 3,1.33098,103.9336
425,BEDOK NTH RD,1.32937,103.92907
416,BEDOK NTH AVE 2,1.3284,103.93068
418,BEDOK NTH AVE 2,1.32856,103.93004
424,BEDOK NTH AVE 1,1.32842,103.92748
419,BEDOK NTH ST 1,1.32697,103.92814
136,BEDOK NTH AVE 3,1.32815,103.93522
529,BEDOK NTH ST 3,1.33427,103.92654
510,BEDOK NTH ST 3,1.33212,103.93105
525,BEDOK NTH ST 3,1.3346,103.92945
202,BEDOK NTH ST 1,1.32566,103.92799
218,BEDOK NTH ST 1,1.32736,103.93377
213,BEDOK NTH ST 1,1.32635,103.93264
532,BEDOK NTH ST 3,1.33419,103.92539
533,BEDOK NTH ST 3,1.33358,103.92422
536,BEDOK NTH ST 3,1.33354,103.92319
537,BEDOK NTH ST 3,1.33177,103.92424
44,CHAI CHEE ST,1.32901,103.92567
540,BEDOK NTH ST 3,1.33113,103.92209
702,BEDOK RESERVOIR RD,1.33724,103.91892
615,BEDOK RESERVOIR RD,1.33225,103.91587
712,BEDOK RESERVOIR RD,1.33591,103.92263
50,CHAI CHEE ST,1.3293,103.92242
54,CHAI CHEE ST,1.32948,103.92111
606,BEDOK RESERVOIR RD,1.33122,103.9138
616,BEDOK RESERVOIR RD,1.3319,103.91514
15,BEDOK STH RD,1.32091,103.93554
34,BEDOK STH AVE 2,1.32206,103.93835
36,BEDOK STH AVE 2,1.32163,103.93844
35,BEDOK STH AVE 2,1.32233,103.93977
41,BEDOK STH RD,1.32105,103.9408
42,BEDOK STH RD,1.32148,103.94072
53,NEW UPP CHANGI RD,1.32433,103.94243
51,NEW UPP CHANGI RD,1.32343,103.94227
8,BEDOK STH AVE 2,1.32284,103.93605
718,BEDOK RESERVOIR RD,1.33663,103.92575
724,BEDOK RESERVOIR RD,1.33714,103.92843
166,BEDOK STH AVE 3,1.32004,103.9452
71,BEDOK STH RD,1.32042,103.94273
82,BEDOK NTH RD,1.32954,103.94041
78,BEDOK NTH RD,1.32726,103.94085
79,BEDOK NTH RD,1.32769,103.94076
80,BEDOK NTH RD,1.32848,103.94061
134,BEDOK NTH ST 2,1.32832,103.93658
126,BEDOK NTH ST 2,1.32817,103.93892
130,BEDOK NTH ST 2,1.32716,103.93682
132,BEDOK NTH ST 2,1.32775,103.93671
131,BEDOK NTH AVE 3,1.32697,103.93585
133,BEDOK NTH AVE 3,1.32756,103.93573
121,BEDOK NTH RD,1.32964,103.93882
89,BEDOK NTH ST 4,1.33233,103.93805
62,NEW UPP CHANGI RD,1.32333,103.94003
422,BEDOK NTH RD,1.32869,103.92889
427,BEDOK NTH RD,1.32911,103.92773
507,BEDOK NTH AVE 3,1.33298,103.9326
508,BEDOK NTH AVE 3,1.3334,103.93252
517,BEDOK NTH AVE 2,1.33109,103.9292
95,BEDOK NTH AVE 4,1.33387,103.94206
93,BEDOK NTH AVE 4,1.33289,103.94131
43,CHAI CHEE ST,1.32835,103.92565
404,BEDOK NTH AVE 3,1.32937,103.93393
403,BEDOK NTH AVE 3,1.3298,103.93384
543,BEDOK NTH ST 3,1.33034,103.92322
547,BEDOK NTH ST 3,1.33033,103.92543
708,BEDOK NTH RD,1.33504,103.91931
707,BEDOK NTH RD,1.33547,103.91929
622,BEDOK RESERVOIR RD,1.33406,103.9169
713,BEDOK RESERVOIR RD,1.33631,103.92239
609,BEDOK RESERVOIR RD,1.33184,103.91236
61,CHAI CHEE RD,1.32511,103.92074
56,CHAI CHEE DR,1.32635,103.92006
165,BEDOK STH RD,1.32031,103.94609
505,BEDOK NTH AVE 3,1.33183,103.93334
417,BEDOK NTH AVE 2,1.32758,103.93048
710,BEDOK RESERVOIR RD,1.33557,103.92382
613,BEDOK RESERVOIR RD,1.33189,103.91703
602,BEDOK RESERVOIR RD,1.32935,103.91158
603,BEDOK RESERVOIR RD,1.33,103.91246
605,BEDOK RESERVOIR RD,1.33024,103.91351
112,BEDOK RESERVOIR RD,1.32969,103.91049
1,CHAI CHEE RD,1.32797,103.92272
722,BEDOK RESERVOIR RD,1.33664,103.92821
54,NEW UPP CHANGI RD,1.32486,103.94255
72,BEDOK STH AVE 3,1.32037,103.94367
31,BEDOK STH AVE 2,1.32301,103.93817
111,BEDOK NTH RD,1.33146,103.93546
120,BEDOK NTH ST 2,1.32997,103.93757
118,BEDOK NTH ST 2,1.33043,103.93748
96,BEDOK NTH AVE 4,1.33326,103.94033
137,BEDOK NTH AVE 3,1.32883,103.93551
139,BEDOK NTH AVE 3,1.32941,103.9354
716,BEDOK RESERVOIR RD,1.33784,103.92497
725,BEDOK RESERVOIR RD,1.33765,103.92899
22,SIN MING RD,1.35728,103.8394
24,SIN MING RD,1.35519,103.83634
309,SHUNFU RD,1.35091,103.83759
304,SHUNFU RD,1.35012,103.83794
308,SHUNFU RD,1.35058,103.83785
310,SHUNFU RD,1.35085,103.83868
160,BT BATOK ST 11,1.34888,103.74204
161,BT BATOK ST 11,1.34847,103.74205
164,BT BATOK ST 11,1.34772,103.74283
177,BT BATOK WEST AVE 8,1.34634,103.74174
130,BT BATOK WEST AVE 6,1.35106,103.74586
127,BT BATOK WEST AVE 6,1.35186,103.74608
205,BT BATOK ST 21,1.34712,103.75006
248,BT BATOK EAST AVE 5,1.35026,103.7566
258,BT BATOK EAST AVE 4,1.35127,103.75887
4,HILLVIEW AVE,,
6,HILLVIEW AVE,,
2,HILLVIEW AVE,1.35214,103.75935
146,BT BATOK WEST AVE 6,1.34967,103.74408
138,BT BATOK WEST AVE 6,1.35045,103.74447
134,BT BATOK WEST AVE 6,1.35159,103.74451
143,BT BATOK ST 11,1.35038,103.74391
145,BT BATOK ST 11,1.34997,103.74372
182,BT BATOK WEST AVE 8,1.34556,103.74382
180,BT BATOK WEST AVE 8,1.34556,103.74284
228,BT BATOK CTRL,1.34866,103.75379
227,BT BATOK CTRL,1.34838,103.75352
219,BT BATOK ST 21,1.34721,103.755
244,BT BATOK EAST AVE 5,1.34918,103.75724
116,BT BATOK WEST AVE 6,1.34963,103.74638
113,BT BATOK WEST AVE 6,1.34884,103.74517
163,BT BATOK ST 11,1.34815,103.74266
169,BT BATOK WEST AVE 8,1.34661,103.74091
165,BT BATOK WEST AVE 8,1.34732,103.74197
129,BT BATOK WEST AVE 6,1.35143,103.74603
204,BT BATOK ST 21,1.34756,103.74989
209,BT BATOK ST 21,1.34549,103.74874
135,BT BATOK WEST AVE 6,1.35125,103.7448
184,BT BATOK WEST AVE 8,1.34624,103.74382
225,BT BATOK CTRL,1.3485,103.75261
123,BT BATOK CTRL,1.35142,103.7475
307,BT BATOK ST 31,1.35817,103.74812
216,BT BATOK ST 21,1.34711,103.75364
115,BT BATOK WEST AVE 6,1.34918,103.74657
117,BT BATOK WEST AVE 6,1.34997,103.74714
111,BT BATOK WEST AVE 6,1.34841,103.74599
103,BT BATOK CTRL,1.34822,103.74803
223,BT BATOK EAST AVE 3,1.34802,103.7534
221,BT BATOK EAST AVE 3,1.34748,103.75369
214,BT BATOK ST 21,1.3473,103.75289
120,BT BATOK CTRL,1.35106,103.74771
121,BT BATOK CTRL,1.35163,103.74801
142,BT BATOK ST 11,1.35,103.74286
140,BT BATOK ST 11,1.35077,103.74386
141,BT BATOK ST 11,1.35044,103.74321
33,TAMAN HO SWEE,,
7,TELOK BLANGAH CRES,1.27836,103.81938
40,BEO CRES,1.28906,103.82751
44,TELOK BLANGAH DR,1.27141,103.81089
46,TELOK BLANGAH DR,1.27169,103.80985
103,DEPOT RD,1.2809,103.81115
110,DEPOT RD,1.28139,103.80936
42,TELOK BLANGAH RISE,1.27092,103.82269
132,JLN BT MERAH,1.27874,103.8283
133,JLN BT MERAH,1.27955,103.8274
96,HENDERSON RD,1.28754,103.82134
77,INDUS RD,1.29113,103.82676
78,INDUS RD,1.2913,103.82745
128,BT MERAH VIEW,1.28265,103.82333
130,BT MERAH VIEW,1.28459,103.82436
119,BT MERAH VIEW,1.28342,103.82107
114,BT MERAH VIEW,,
5,TELOK BLANGAH CRES,1.27872,103.81922
105,HENDERSON CRES,1.29021,103.82236
12,TELOK BLANGAH CRES,1.27719,103.81952
8,TELOK BLANGAH CRES,1.2778,103.81934
18,TELOK BLANGAH CRES,1.27791,103.82254
16,TELOK BLANGAH CRES,1.27805,103.8215
13,TELOK BLANGAH CRES,1.27816,103.82048
2,JLN BT MERAH,1.28663,103.80686
1,JLN BT MERAH,1.28645,103.80824
108,JLN BT MERAH,1.27922,103.82544
102,BT PURMEI RD,1.27191,103.82667
106,BT PURMEI RD,1.27299,103.82563
62,TELOK BLANGAH HTS,1.27525,103.81111
63,TELOK BLANGAH HTS,1.27483,103.81094
60,TELOK BLANGAH HTS,1.27608,103.81216
55,TELOK BLANGAH DR,1.27396,103.81215
75,TELOK BLANGAH DR,1.2749,103.8087
141,JLN BT MERAH,1.27715,103.82874
7,EVERTON PK,1.27692,103.83868
3,EVERTON PK,1.27722,103.8387
146,JLN BT MERAH,1.27785,103.83081
18,KG BAHRU HILL,,
20,REDHILL CL,,
13,REDHILL CL,,
19,REDHILL CL,,
28,JLN BT MERAH,1.2864,103.80974
28,HOY FATT RD,1.28676,103.81012
29,HAVELOCK RD,,
18,TAMAN HO SWEE,1.2881,103.83103
30,JLN KLINIK,1.28767,103.8282
26,JLN KLINIK,1.28817,103.82845
28,JLN KLINIK,1.2879,103.8282
22,HAVELOCK RD,1.28875,103.82882
37,JLN RUMAH TINGGI,1.28923,103.80919
36,BEO CRES,1.28836,103.82706
6,JLN BT HO SWEE,1.28764,103.83144
41,KIM CHENG ST,1.28469,103.83159
47,MOH GUAN TER,1.28421,103.83106
34,TELOK BLANGAH WAY,1.27352,103.82248
129,KIM TIAN RD,1.28115,103.82886
120,BT MERAH VIEW,1.28277,103.82261
111,BT MERAH VIEW,,
109,JLN BT MERAH,1.27943,103.82609
104,BT PURMEI RD,1.2724,103.82563
110,BT PURMEI RD,1.2738,103.82706
114,BT PURMEI RD,1.27507,103.82589
113,BT PURMEI RD,1.27477,103.82693
57,TELOK BLANGAH HTS,1.27463,103.81259
54,TELOK BLANGAH DR,1.2736,103.81194
69,TELOK BLANGAH HTS,1.27558,103.81031
51,TELOK BLANGAH DR,1.27351,103.81015
101,HENDERSON CRES,1.29072,103.82163
103,HENDERSON CRES,1.28974,103.82138
140,JLN BT MERAH,1.27816,103.82952
4,EVERTON PK,1.27688,103.84009
7,KIM TIAN PL,1.28349,103.82704
115,BT PURMEI RD,1.27535,103.82695
48,TELOK BLANGAH DR,1.27235,103.81055
73,TELOK BLANGAH HTS,1.27574,103.80919
72,TELOK BLANGAH HTS,1.27612,103.80959
66,TELOK BLANGAH DR,1.27413,103.80963
8,EMPRESS RD,1.31641,103.80537
4,QUEEN'S RD,1.31883,103.80806
6,FARRER RD,1.31732,103.80806
8,JLN KUKOH,1.28738,103.83941
22,OUTRAM PK,,
12,SHORT ST,,
13,SHORT ST,,
8,SELEGIE RD,1.30321,103.85049
538,UPP CROSS ST,1.28521,103.84577
264,WATERLOO ST,1.29901,103.85228
271,QUEEN ST,1.30093,103.85399
664,BUFFALO RD,1.30613,103.85111
34,UPP CROSS ST,1.28624,103.8423
640,ROWELL RD,1.30744,103.85471
2,ROCHOR RD,1.30512,103.85144
9,SELEGIE RD,1.30346,103.85071
10,SELEGIE RD,1.30371,103.85054
232,BAIN ST,1.29685,103.85335
663,BUFFALO RD,1.30568,103.85086
662,BUFFALO RD,1.30625,103.84996
335B,SMITH ST,1.28236,103.84345
639,ROWELL RD,1.30775,103.8552
632,VEERASAMY RD,1.30607,103.8545
633,VEERASAMY RD,1.30571,103.85494
642,ROWELL RD,1.30778,103.8565
1,TECK WHYE AVE,1.38254,103.75171
4,TECK WHYE AVE,1.38194,103.75281
10,TECK WHYE AVE,1.38047,103.75521
16,TECK WHYE LANE,1.37838,103.75476
26,TECK WHYE LANE,1.37762,103.75574
13,TECK WHYE LANE,1.37895,103.75585
440,CLEMENTI AVE 3,1.31623,103.76394
509,WEST COAST DR,1.31116,103.76102
363,CLEMENTI AVE 2,1.31282,103.76892
365,CLEMENTI AVE 2,1.3123,103.76994
427,CLEMENTI AVE 3,1.31197,103.7638
334,CLEMENTI AVE 2,1.31519,103.76843
329,CLEMENTI AVE 2,1.31307,103.76734
323,CLEMENTI AVE 5,,
322,CLEMENTI AVE 5,,
326,CLEMENTI AVE 5,1.31443,103.76636
314,CLEMENTI AVE 4,,
313,CLEMENTI AVE 4,,
312,CLEMENTI AVE 4,1.31906,103.76396
354,CLEMENTI AVE 2,1.31351,103.77086
435,CLEMENTI AVE 3,1.31456,103.76253
433,CLEMENTI AVE 3,1.31402,103.76183
506,WEST COAST DR,1.31252,103.76087
508,WEST COAST DR,1.31166,103.76176
401,CLEMENTI AVE 1,,
320,CLEMENTI AVE 4,1.3169,103.76531
310,CLEMENTI AVE 4,1.32027,103.76594
309,CLEMENTI AVE 4,1.32092,103.76638
307,CLEMENTI AVE 4,1.32142,103.76711
305,CLEMENTI AVE 4,1.32206,103.76601
306,CLEMENTI AVE 4,1.32144,103.7659
303,CLEMENTI AVE 4,1.32133,103.76482
346,CLEMENTI AVE 5,1.31702,103.77006
431,CLEMENTI AVE 3,1.31377,103.76254
339,CLEMENTI AVE 5,1.31966,103.76914
515,WEST COAST RD,1.30838,103.75978
520,WEST COAST RD,1.30715,103.75963
602,CLEMENTI WEST ST 1,1.3051,103.76631
607,CLEMENTI WEST ST 1,1.30424,103.76785
608,CLEMENTI WEST ST 1,1.30434,103.76653
702,WEST COAST RD,1.30727,103.76111
703,WEST COAST RD,1.30675,103.76063
704,WEST COAST RD,1.30635,103.76054
711,CLEMENTI WEST ST 2,1.30484,103.76111
705,CLEMENTI WEST ST 2,1.30566,103.76065
713,CLEMENTI WEST ST 2,1.30413,103.76221
731,CLEMENTI WEST ST 2,1.3044,103.76275
728,CLEMENTI WEST ST 2,1.3052,103.76383
706,CLEMENTI WEST ST 2,1.30676,103.76236
710,CLEMENTI WEST ST 2,1.30629,103.76152
610,CLEMENTI WEST ST 1,1.30455,103.76877
113,CLEMENTI ST 13,1.32368,103.77013
412,C'WEALTH AVE WEST,1.31091,103.77066
411,C'WEALTH AVE WEST,1.31088,103.76957
315,CLEMENTI AVE 4,1.31847,103.76542
311,CLEMENTI AVE 4,1.31935,103.76511
301,CLEMENTI AVE 4,1.32218,103.76491
609,CLEMENTI WEST ST 1,1.30409,103.76552
729,CLEMENTI WEST ST 2,1.30493,103.76352
707,CLEMENTI WEST ST 2,1.30629,103.76239
371,CLEMENTI AVE 4,1.32057,103.76821
205,CLEMENTI AVE 6,1.32106,103.76243
414,C'WEALTH AVE WEST,1.31158,103.77163
415,C'WEALTH AVE WEST,1.31099,103.77159
413,C'WEALTH AVE WEST,1.31135,103.7711
336,CLEMENTI AVE 2,1.31668,103.76923
337,CLEMENTI AVE 2,1.31606,103.76911
717,CLEMENTI WEST ST 2,1.30323,103.76246
723,CLEMENTI WEST ST 2,1.3031,103.76341
724,CLEMENTI WEST ST 2,1.30361,103.76336
103,CLEMENTI ST 14,1.32259,103.76918
204,CLEMENTI AVE 6,1.32099,103.76323
201,CLEMENTI AVE 6,1.32014,103.76325
110,CLEMENTI ST 13,1.32285,103.7709
111,CLEMENTI ST 13,1.32322,103.77113
115,CLEMENTI ST 13,1.32355,103.77133
116,CLEMENTI ST 13,1.32411,103.77193
63,CIRCUIT RD,1.32653,103.88663
62,CIRCUIT RD,1.32622,103.88712
81,MACPHERSON LANE,1.33217,103.8863
40,CIRCUIT RD,1.32768,103.88626
1,JLN PASAR BARU,,
2,GEYLANG SERAI,1.31718,103.89834
16,EUNOS CRES,1.32299,103.90445
18,EUNOS CRES,1.32374,103.90436
19,EUNOS CRES,1.32428,103.90321
24,EUNOS CRES,1.32378,103.90233
20,EUNOS CRES,1.32466,103.90324
21,EUNOS CRES,1.32503,103.90328
59,SIMS DR,,
45,SIMS DR,1.31734,103.87844
87,CIRCUIT RD,1.32323,103.8856
85,CIRCUIT RD,1.32265,103.88576
98,ALJUNIED CRES,1.32087,103.8857
41,SIMS DR,1.31686,103.87555
128,GEYLANG EAST AVE 1,1.31831,103.88775
58,DAKOTA CRES,1.30731,103.88939
102,ALJUNIED CRES,1.32044,103.88242
99,ALJUNIED CRES,1.32138,103.88431
106,ALJUNIED CRES,1.31905,103.8829
112,ALJUNIED CRES,1.32042,103.8851
108,ALJUNIED CRES,1.31918,103.88532
12,PINE CL,1.30848,103.88229
22,HAIG RD,1.31379,103.89523
65,CIRCUIT RD,1.3274,103.8872
34,CIRCUIT RD,1.32904,103.88744
23,BALAM RD,1.33097,103.88654
21,BALAM RD,1.3312,103.88698
93,JLN DUA,1.30868,103.88712
61,CIRCUIT RD,1.32574,103.88705
67,CIRCUIT RD,1.32585,103.88793
57,CIRCUIT RD,1.32472,103.88669
58,CIRCUIT RD,1.32501,103.88646
47,CIRCUIT RD,1.32578,103.8857
48,CIRCUIT RD,1.32541,103.88565
49,CIRCUIT RD,1.32513,103.88561
39,CIRCUIT RD,1.32743,103.88568
44,CIRCUIT RD,1.32665,103.88612
46,CIRCUIT RD,1.32615,103.88605
38,CIRCUIT RD,1.32796,103.88608
36,CIRCUIT RD,1.32903,103.88693
127,GEYLANG EAST AVE 1,1.31773,103.88776
9,EUNOS CRES,1.3218,103.90277
35,CIRCUIT RD,1.32916,103.88601
6,HAIG RD,1.31318,103.89721
123,GEYLANG EAST CTRL,1.31818,103.88543
23,HAIG RD,1.31354,103.89548
60,DAKOTA CRES,1.30729,103.88851
417,EUNOS RD 5,1.31807,103.89709
411,EUNOS RD 5,1.31859,103.89968
62,DAKOTA CRES,1.30765,103.88907
13,EUNOS CRES,1.32269,103.9035
2,HOUGANG AVE 3,1.36314,103.89318
1,HOUGANG AVE 3,1.36413,103.893
304,HOUGANG AVE 5,1.36779,103.89553
303,HOUGANG AVE 5,1.36797,103.89471
17,HOUGANG AVE 3,1.36343,103.89098
20,HOUGANG AVE 3,1.36383,103.89074
21,HOUGANG AVE 3,1.36425,103.89148
24,HOUGANG AVE 3,1.36551,103.89209
115,HOUGANG AVE 1,1.35277,103.88788
124,HOUGANG AVE 1,1.35289,103.88666
125,HOUGANG AVE 1,1.35241,103.88649
113,HOUGANG AVE 1,1.35357,103.88871
114,HOUGANG AVE 1,1.35291,103.88897
109,HOUGANG AVE 1,1.35533,103.88938
110,HOUGANG AVE 1,1.35481,103.88961
319,HOUGANG AVE 5,1.36573,103.89662
318,HOUGANG AVE 5,1.36566,103.89619
308,HOUGANG AVE 5,1.36681,103.89576
327,HOUGANG AVE 5,1.36831,103.89599
244,HOUGANG ST 22,1.35807,103.89195
252,HOUGANG AVE 3,1.36017,103.89271
248,HOUGANG AVE 3,1.35937,103.89259
410,HOUGANG AVE 10,1.37389,103.89468
15,HOUGANG AVE 3,1.36266,103.89192
239,HOUGANG ST 22,1.35597,103.89048
142,LOR AH SOO,1.35303,103.88289
135,LOR AH SOO,1.34976,103.88681
137,LOR AH SOO,1.34905,103.88664
309,HOUGANG AVE 5,1.36621,103.89515
154,HOUGANG ST 11,1.3522,103.88017
341,HOUGANG AVE 7,1.37045,103.89859
352,HOUGANG AVE 7,1.37211,103.8991
310,HOUGANG AVE 5,1.36633,103.89621
320,HOUGANG AVE 5,1.36627,103.89803
251,HOUGANG AVE 3,1.35996,103.89163
339,HOUGANG AVE 7,1.37003,103.89857
302,HOUGANG AVE 5,1.36852,103.89458
138,LOR AH SOO,1.35162,103.88445
140,LOR AH SOO,1.35253,103.88374
234,HOUGANG AVE 1,1.3582,103.88878
231,HOUGANG ST 21,1.35813,103.8879
133,LOR AH SOO,1.35076,103.88755
16,HOUGANG AVE 3,1.36282,103.89105
237,HOUGANG ST 21,1.35662,103.88886
128,LOR AH SOO,1.35172,103.88649
132,LOR AH SOO,1.35085,103.88633
141,LOR AH SOO,1.35309,103.88396
3,TEBAN GDNS RD,,
5,TEBAN GDNS RD,,
10,TEBAN GDNS RD,,
21,TEBAN GDNS RD,1.32368,103.73916
33,TEBAN GDNS RD,1.3203,103.74185
40,TEBAN GDNS RD,1.32135,103.74203
329,JURONG EAST AVE 1,1.35014,103.72994
308,JURONG EAST ST 32,,
101,JURONG EAST ST 13,1.33701,103.73879
302,JURONG EAST ST 32,1.34465,103.73449
233,JURONG EAST ST 21,1.34037,103.74094
110,JURONG EAST ST 13,1.33887,103.73622
247,JURONG EAST ST 24,1.34202,103.73901
244,JURONG EAST ST 24,1.34263,103.74213
242,JURONG EAST ST 24,1.3419,103.7428
243,JURONG EAST ST 24,1.34206,103.74331
257,JURONG EAST ST 24,1.34452,103.73863
264,JURONG EAST ST 24,1.34383,103.74165
306,JURONG EAST ST 32,1.34607,103.73525
210,JURONG EAST ST 21,1.33889,103.73856
214,JURONG EAST ST 21,1.33929,103.73899
208,JURONG EAST ST 21,1.33844,103.74267
211,JURONG EAST ST 21,1.33867,103.74029
307,JURONG EAST ST 32,1.34652,103.73484
319,JURONG EAST ST 31,1.34799,103.73046
316,JURONG EAST ST 32,1.34601,103.73208
232,JURONG EAST ST 21,1.33983,103.74082
251,JURONG EAST ST 24,1.34317,103.73968
408,PANDAN GDNS,1.3182,103.74882
218,JURONG EAST ST 21,1.34033,103.73793
322,JURONG EAST ST 31,1.34804,103.72917
227,JURONG EAST ST 21,1.34182,103.73609
109,JURONG EAST ST 13,1.33836,103.73591
103,JURONG EAST ST 13,1.33669,103.73806
240,JURONG EAST ST 21,1.34107,103.74157
258,JURONG EAST ST 24,1.34379,103.73864
209,JURONG EAST ST 21,1.33783,103.74009
324,JURONG EAST ST 31,1.34865,103.72987
331,JURONG EAST AVE 1,1.35083,103.73042
405,PANDAN GDNS,1.31923,103.74965
403,PANDAN GDNS,1.32033,103.74939
404,PANDAN GDNS,1.31982,103.74928
406,PANDAN GDNS,1.31882,103.74923
337,JURONG EAST AVE 1,1.34968,103.73191
335,JURONG EAST AVE 1,1.35022,103.73216
327,JURONG EAST ST 31,1.34914,103.72917
323,JURONG EAST ST 31,1.34839,103.72899
8,YUNG KUANG RD,,
10,YUNG KUANG RD,,
111,HO CHING RD,1.33389,103.72331
114,HO CHING RD,1.33379,103.72411
119,HO CHING RD,1.3353,103.72471
120,HO CHING RD,1.33541,103.72426
145,HU CHING RD,,
167,BOON LAY DR,,
168,BOON LAY DR,,
169,BOON LAY DR,,
170,BOON LAY DR,,
172,BOON LAY DR,,
185,BOON LAY AVE,1.34641,103.71078
186,BOON LAY AVE,1.34573,103.71103
187,BOON LAY AVE,1.34506,103.7107
208,BOON LAY PL,1.347,103.71422
209,BOON LAY PL,1.34626,103.71515
210,BOON LAY PL,1.34779,103.71313
211,BOON LAY PL,1.34824,103.7141
212,BOON LAY PL,1.34913,103.71302
213,BOON LAY PL,1.34946,103.71284
214,BOON LAY PL,1.34902,103.71218
215,BOON LAY PL,1.34868,103.71236
520,JURONG WEST ST 52,1.3461,103.71788
516,JURONG WEST ST 52,1.3455,103.72056
517,JURONG WEST ST 52,1.34585,103.71972
511,JURONG WEST ST 52,1.34779,103.71959
457,JURONG WEST ST 41,1.3507,103.72091
490,JURONG WEST AVE 1,1.34959,103.72724
489,JURONG WEST AVE 1,1.34917,103.72724
487,JURONG WEST AVE 1,1.34873,103.72724
485,JURONG WEST AVE 1,1.34835,103.72724
476,JURONG WEST ST 41,1.34772,103.72418
477,JURONG WEST ST 41,1.34772,103.72509
527,JURONG WEST ST 52,1.34788,103.71642
534,JURONG WEST ST 52,1.34897,103.71711
535,JURONG WEST ST 52,1.34942,103.71701
536,JURONG WEST ST 52,1.34992,103.71672
456,JURONG WEST ST 41,1.35068,103.72002
484,JURONG WEST AVE 1,1.34821,103.72636
491,JURONG WEST AVE 1,1.34959,103.72632
481,JURONG WEST ST 41,1.34685,103.72523
217,BOON LAY AVE,1.34949,103.71102
219,BOON LAY AVE,1.3494,103.71082
220,BOON LAY AVE,,
515,JURONG WEST ST 52,1.34642,103.7209
448,JURONG WEST ST 42,1.35263,103.7194
446,JURONG WEST ST 42,1.35222,103.71956
447,JURONG WEST ST 42,1.35248,103.7204
554,JURONG WEST ST 42,1.35323,103.71787
433,JURONG WEST ST 42,1.35278,103.72286
442,JURONG WEST AVE 1,1.35152,103.7195
450,JURONG WEST ST 42,1.35164,103.71752
455,JURONG WEST ST 42,1.35107,103.71853
402,JURONG WEST ST 42,1.35339,103.72245
431,JURONG WEST AVE 1,1.3523,103.72463
543,JURONG WEST ST 42,1.35186,103.7158
545,JURONG WEST ST 42,1.35229,103.71525
550,JURONG WEST ST 42,1.3528,103.71674
551,JURONG WEST ST 42,1.35238,103.71692
463,JURONG WEST ST 41,1.35058,103.72324
458,JURONG WEST ST 41,1.35021,103.72003
415,JURONG WEST ST 42,1.35282,103.72498
416,JURONG WEST ST 42,1.35243,103.72592
436,JURONG WEST AVE 1,1.35209,103.72286
444,JURONG WEST AVE 1,1.35195,103.7194
452,JURONG WEST ST 42,1.35158,103.71852
539,JURONG WEST AVE 1,1.35088,103.71635
547,JURONG WEST ST 42,1.35298,103.71491
559,JURONG WEST ST 42,1.35458,103.7189
198,BOON LAY DR,1.34442,103.71434
203,BOON LAY DR,1.34414,103.71566
205,BOON LAY DR,1.34485,103.71572
407,JURONG WEST ST 42,1.35489,103.72126
558,JURONG WEST ST 42,1.3542,103.71734
469,JURONG WEST ST 41,1.34849,103.72125
9,JLN BATU,1.30283,103.88298
2,ST. GEORGE'S RD,1.32343,103.86069
468,NTH BRIDGE RD,1.30539,103.86322
801,FRENCH RD,1.30736,103.86047
1,BEACH RD,1.30367,103.86448
2,BEACH RD,1.30403,103.86493
97,WHAMPOA DR,1.32128,103.85494
12,UPP BOON KENG RD,1.31423,103.87006
20,UPP BOON KENG RD,,
24,BENDEMEER RD,1.31862,103.86232
26,BENDEMEER RD,1.31831,103.86292
28,BENDEMEER RD,1.3187,103.86323
34,WHAMPOA WEST,1.3205,103.86334
45,BENDEMEER RD,1.32239,103.86613
77,LOR LIMAU,1.32505,103.85476
75,WHAMPOA DR,1.32442,103.85819
85,WHAMPOA DR,1.32279,103.85644
82,WHAMPOA DR,1.32387,103.85648
11,UPP BOON KENG RD,1.31424,103.87091
98,WHAMPOA DR,1.32158,103.85415
65,KALLANG BAHRU,1.3197,103.86836
68,GEYLANG BAHRU,1.32195,103.86984
16,UPP BOON KENG RD,1.31543,103.87165
94,GEYLANG BAHRU,1.32265,103.87131
95,GEYLANG BAHRU,1.32301,103.8711
49,DORSET RD,1.31296,103.85016
46,OWEN RD,1.31514,103.8508
14,KG ARANG RD,1.30016,103.88423
20,ST. GEORGE'S RD,1.32474,103.86286
44,BENDEMEER RD,1.32226,103.86662
28,JLN BAHAGIA,1.32578,103.85881
38,JLN BAHAGIA,1.32691,103.85649
69,MOULMEIN RD,1.31895,103.85052
84,WHAMPOA DR,1.32319,103.85703
83,WHAMPOA DR,1.32357,103.85703
101,WHAMPOA DR,1.32042,103.85381
107,TOWNER RD,1.3198,103.86044
103,JLN RAJAH,1.32734,103.85278
101,JLN RAJAH,1.32871,103.85055
52,KENT RD,1.2806,103.79046
23,ST. GEORGE'S RD,1.32499,103.86305
103,AH HOOD RD,1.32796,103.84483
807,KING GEORGE'S AVE,1.30929,103.86144
104,JLN RAJAH,1.3278,103.85326
39,UPP BOON KENG RD,1.31872,103.87423
461,CRAWFORD LANE,1.3051,103.86087
56,GEYLANG BAHRU,1.32365,103.8683
54,GEYLANG BAHRU,1.32388,103.86786
53,GEYLANG BAHRU,1.32432,103.86816
12,NTH BRIDGE RD,1.30431,103.86278
35,MARINE CRES,1.30337,103.91252
66,MARINE DR,1.30391,103.90974
67,MARINE DR,1.30446,103.9096
4,MARINE TER,1.3051,103.91773
19,MARINE TER,1.30452,103.91505
32,MARINE CRES,1.30318,103.91181
31,MARINE CRES,1.30371,103.91144
30,MARINE CRES,1.30422,103.91116
7,MARINE TER,1.3041,103.91728
62,MARINE DR,1.30267,103.90904
55,MARINE TER,1.30542,103.914
43,MARINE CRES,1.30552,103.91302
73,MARINE DR,1.30381,103.90836
72,MARINE DR,1.30428,103.90836
71,MARINE DR,1.30453,103.90894
78,MARINE DR,1.30155,103.90841
3,MARINE TER,1.30411,103.91773
12,MARINE TER,1.30461,103.91574
13,MARINE TER,1.30404,103.91558
14,MARINE TER,1.30348,103.91541
82,C'WEALTH CL,1.30422,103.8004
83,C'WEALTH CL,1.30468,103.80042
63,C'WEALTH DR,1.29882,103.79709
66,C'WEALTH DR,1.29912,103.79658
53,TANGLIN HALT RD,,
54,TANGLIN HALT RD,,
111,C'WEALTH CRES,1.30635,103.79847
55,C'WEALTH DR,1.29705,103.79708
43,TANGLIN HALT RD,1.29871,103.79858
38,TANGLIN HALT RD,1.29751,103.79872
33,TANGLIN HALT RD,1.29657,103.79838
36,TANGLIN HALT RD,1.29729,103.79823
26,TANGLIN HALT RD,,
31,TANGLIN HALT RD,,
58,C'WEALTH DR,1.29777,103.79709
2,DOVER RD,,
3,DOVER RD,1.30374,103.78244
96,MARGARET DR,,
6,GHIM MOH RD,,
5,GHIM MOH RD,1.31269,103.78831
4,GHIM MOH RD,,
3,GHIM MOH RD,1.312,103.78719
2,GHIM MOH RD,1.31238,103.78697
1,GHIM MOH RD,1.31288,103.78686
21,DOVER CRES,1.30704,103.78463
24,DOVER CRES,,
21,GHIM MOH RD,,
19,GHIM MOH RD,,
164,STIRLING RD,1.29152,103.80251
171,STIRLING RD,1.29073,103.80385
173,STIRLING RD,,
172,STIRLING RD,,
160,MEI LING ST,,
161,MEI LING ST,,
4,HOLLAND CL,,
6,HOLLAND CL,,
8,HOLLAND AVE,1.30651,103.79422
9,HOLLAND AVE,1.30756,103.79444
2,HOLLAND AVE,1.30934,103.79556
12,HOLLAND AVE,1.30935,103.79487
11,HOLLAND DR,1.31419,103.78272
13,HOLLAND DR,,
16,HOLLAND DR,,
42,HOLLAND DR,1.3079,103.79296
24,TANGLIN HALT RD,,
60,C'WEALTH DR,1.29825,103.79709
88,C'WEALTH CL,1.30489,103.79918
86,C'WEALTH CL,,
52,TANGLIN HALT RD,,
89,C'WEALTH DR,1.30538,103.79932
93,C'WEALTH DR,1.30525,103.80007
59,C'WEALTH DR,1.29801,103.79709
65,C'WEALTH DR,1.29959,103.79675
74,C'WEALTH DR,1.30052,103.79633
77,C'WEALTH DR,,
79,C'WEALTH DR,,
78,C'WEALTH DR,,
113,C'WEALTH CRES,1.30675,103.79796
25,TANGLIN HALT RD,,
28,TANGLIN HALT RD,,
98,C'WEALTH CRES,1.30682,103.80145
99,C'WEALTH CRES,1.30743,103.80114
102,C'WEALTH CRES,1.30782,103.80063
101,C'WEALTH CRES,1.30805,103.80084
32,TANGLIN HALT RD,,
71,C'WEALTH DR,1.29985,103.79698
35,TANGLIN HALT RD,1.29705,103.79823
23,DOVER CRES,1.30744,103.78363
36,DOVER RD,,
7,GHIM MOH RD,1.31129,103.78723
12,DOVER CL EAST,1.30499,103.78581
13,DOVER CL EAST,1.30537,103.78608
14,DOVER CL EAST,1.30556,103.7856
20,HOLLAND DR,1.31049,103.79226
5,SELETAR WEST FARMWAY 6,1.39665,103.86362
5,LOR LEW LIAN,1.35003,103.87684
108,SERANGOON NTH AVE 1,1.3699,103.87121
105,SERANGOON NTH AVE 1,1.37025,103.87023
305,SERANGOON AVE 2,1.35385,103.86696
102,SERANGOON NTH AVE 1,1.37084,103.87115
115,SERANGOON NTH AVE 1,1.36813,103.87058
227,SERANGOON AVE 4,1.35647,103.87113
221,SERANGOON AVE 4,1.35915,103.87181
210,SERANGOON CTRL,1.35493,103.87364
6,LOR LEW LIAN,1.34944,103.87733
109,SERANGOON NTH AVE 1,1.36943,103.87051
218,SERANGOON AVE 4,1.35801,103.87214
120,SERANGOON NTH AVE 1,1.36727,103.87107
126,SERANGOON NTH AVE 1,1.36606,103.87187
315,SERANGOON AVE 2,1.35293,103.86597
116,SERANGOON NTH AVE 1,1.36849,103.87159
114,SERANGOON NTH AVE 1,1.36885,103.87149
117,SERANGOON NTH AVE 1,1.36798,103.87086
212,SERANGOON AVE 4,1.3568,103.87305
213,SERANGOON AVE 4,1.35717,103.87309
119,SERANGOON NTH AVE 1,1.36748,103.87149
316,SERANGOON AVE 2,1.35301,103.86647
102,TAMPINES ST 11,1.34672,103.94552
113,TAMPINES ST 11,1.34648,103.94618
112,TAMPINES ST 11,1.3463,103.94751
209,TAMPINES ST 21,1.35192,103.95283
267,TAMPINES ST 21,1.35077,103.94926
269,TAMPINES ST 21,1.35075,103.94802
202,TAMPINES ST 21,1.35291,103.95254
138,TAMPINES ST 11,1.3455,103.94559
924,TAMPINES ST 91,1.34679,103.94078
925,TAMPINES ST 91,1.34642,103.94097
817,TAMPINES ST 81,1.34764,103.9367
818,TAMPINES ST 81,1.34797,103.93684
808,TAMPINES AVE 4,1.34649,103.93605
809,TAMPINES AVE 4,1.34612,103.93647
111,TAMPINES ST 11,1.34691,103.94742
110,TAMPINES ST 11,1.34695,103.94931
285,TAMPINES ST 22,1.35001,103.95282
287,TAMPINES ST 22,1.34917,103.95425
274,TAMPINES ST 22,1.3483,103.95006
291,TAMPINES ST 22,1.35002,103.95518
293,TAMPINES ST 22,1.35039,103.9549
244,TAMPINES ST 21,1.35381,103.94711
262,TAMPINES ST 21,1.35376,103.95097
914,TAMPINES ST 91,1.34903,103.93957
150,TAMPINES ST 12,1.35095,103.94326
251,TAMPINES ST 21,1.35276,103.94812
250,TAMPINES ST 21,1.35232,103.94846
226,TAMPINES ST 23,1.35552,103.95401
234,TAMPINES ST 21,1.3559,103.94802
237,TAMPINES ST 21,1.35549,103.94721
236,TAMPINES ST 21,1.35591,103.94745
219,TAMPINES ST 24,1.35479,103.95261
271,TAMPINES ST 21,1.34981,103.94958
270,TAMPINES ST 21,1.34963,103.94864
420,TAMPINES ST 41,1.35786,103.94753
157,TAMPINES ST 12,1.35107,103.945
258,TAMPINES ST 21,1.35434,103.95003
252,TAMPINES ST 21,1.35255,103.94906
820,TAMPINES ST 81,1.34793,103.93612
819,TAMPINES ST 81,1.3484,103.93681
217,TAMPINES ST 23,1.35417,103.95186
215,TAMPINES ST 23,1.35466,103.95317
813,TAMPINES ST 81,1.34695,103.93642
810,TAMPINES AVE 4,1.34645,103.93661
266,TAMPINES ST 21,1.35197,103.95024
265,TAMPINES ST 21,1.35245,103.95024
286,TAMPINES ST 22,1.34954,103.95299
272,TAMPINES ST 22,1.34916,103.95028
275,TAMPINES ST 22,1.34781,103.95041
141,TAMPINES ST 12,1.34825,103.94492
163,TAMPINES ST 12,1.34953,103.94746
166,TAMPINES ST 12,1.34882,103.94643
161,TAMPINES ST 12,1.35,103.94598
295,TAMPINES ST 22,1.35078,103.955
261,TAMPINES ST 21,1.3543,103.95097
913,TAMPINES ST 91,1.34887,103.93899
910,TAMPINES ST 91,1.34982,103.93874
253,TAMPINES ST 21,1.35326,103.94811
277,TAMPINES ST 22,1.34728,103.95119
928,TAMPINES ST 91,1.34597,103.94021
832,TAMPINES ST 82,1.3501,103.9354
838,TAMPINES ST 82,1.35085,103.93538
839,TAMPINES ST 83,1.35121,103.93454
248,TAMPINES ST 21,1.35191,103.94711
247,TAMPINES ST 21,1.35228,103.94691
159,TAMPINES ST 12,1.35104,103.94605
812,TAMPINES AVE 4,1.34695,103.93733
811,TAMPINES AVE 4,1.34657,103.93734
294,TAMPINES ST 22,1.3506,103.95405
432,TAMPINES ST 41,1.35888,103.95054
160,TAMPINES ST 12,1.3507,103.94518
257,TAMPINES ST 21,1.35376,103.94994
816,TAMPINES AVE 4,1.34771,103.93756
289,TAMPINES ST 22,1.34964,103.95534
298,TAMPINES ST 22,1.35179,103.95476
232,TAMPINES ST 21,1.35641,103.9487
216,TAMPINES ST 23,1.35402,103.9527
106,TAMPINES ST 11,1.34754,103.94768
912,TAMPINES ST 91,1.34944,103.93925
278,TAMPINES ST 22,1.34678,103.95114
279,TAMPINES ST 22,1.34629,103.95169
146,TAMPINES AVE 5,1.34801,103.94281
245,TAMPINES ST 21,1.35321,103.94649
149,TAMPINES ST 12,1.3514,103.94273
148,TAMPINES AVE 5,1.35061,103.94225
120,LOR 2 TOA PAYOH,1.33914,103.84556
225,LOR 8 TOA PAYOH,1.33951,103.85565
232,LOR 8 TOA PAYOH,1.33757,103.85884
115,LOR 1 TOA PAYOH,1.34063,103.84431
114,LOR 1 TOA PAYOH,1.34094,103.84431
113,LOR 1 TOA PAYOH,1.34128,103.84461
53,LOR 5 TOA PAYOH,1.3378,103.85079
100,LOR 1 TOA PAYOH,1.33956,103.84859
98,LOR 1 TOA PAYOH,1.33918,103.84838
91,LOR 3 TOA PAYOH,1.33823,103.8486
2,LOR 7 TOA PAYOH,1.33861,103.85352
1,LOR 7 TOA PAYOH,1.33943,103.85344
166,LOR 1 TOA PAYOH,,
126,LOR 1 TOA PAYOH,1.33781,103.84513
128,LOR 1 TOA PAYOH,1.33781,103.84433
116,LOR 2 TOA PAYOH,1.34047,103.84614
30,LOR 5 TOA PAYOH,,
9,LOR 7 TOA PAYOH,1.3375,103.85784
23,TOA PAYOH EAST,1.33456,103.85719
12,LOR 7 TOA PAYOH,1.33675,103.85762
13,LOR 7 TOA PAYOH,1.33628,103.85903
25,TOA PAYOH EAST,1.33357,103.85698
26,TOA PAYOH EAST,1.33292,103.85676
27,TOA PAYOH EAST,1.33227,103.85636
17,LOR 7 TOA PAYOH,1.33643,103.85661
85A,LOR 4 TOA PAYOH,1.33628,103.84941
85B,LOR 4 TOA PAYOH,1.33629,103.84844
159,LOR 1 TOA PAYOH,1.33075,103.8456
177,TOA PAYOH CTRL,1.3339,103.84885
163,LOR 1 TOA PAYOH,1.33206,103.84411
168,LOR 1 TOA PAYOH,1.33177,103.84342
169,LOR 1 TOA PAYOH,1.33173,103.8428
173,LOR 1 TOA PAYOH,1.33001,103.84253
206,TOA PAYOH NTH,1.34231,103.84651
134,POTONG PASIR AVE 3,1.33447,103.86629
142,POTONG PASIR AVE 3,1.3332,103.86699
139,POTONG PASIR AVE 3,1.33328,103.86611
101,POTONG PASIR AVE 1,1.33316,103.86838
102,POTONG PASIR AVE 1,1.33369,103.86881
106,POTONG PASIR AVE 1,1.3341,103.86817
107,POTONG PASIR AVE 1,1.33471,103.86841
120,POTONG PASIR AVE 1,1.33545,103.86339
95,LOR 4 TOA PAYOH,1.33889,103.84899
5,UPP ALJUNIED LANE,1.33373,103.8799
59,LOR 5 TOA PAYOH,1.33675,103.85179
69,LOR 4 TOA PAYOH,1.33418,103.85271
73,LOR 4 TOA PAYOH,1.33432,103.85171
227,LOR 8 TOA PAYOH,1.33952,103.85797
193,LOR 4 TOA PAYOH,1.33159,103.8513
200,TOA PAYOH NTH,1.34167,103.85101
208,TOA PAYOH NTH,1.34189,103.84521
209,TOA PAYOH NTH,1.34185,103.84481
15,JOO SENG RD,1.3355,103.88023
17,JOO SENG RD,1.33616,103.88138
117,POTONG PASIR AVE 1,1.33601,103.86302
14,JOO SENG RD,1.33607,103.87985
136,POTONG PASIR AVE 3,1.33398,103.86652
218,LOR 8 TOA PAYOH,1.34273,103.85515
15,MARSILING LANE,1.44193,103.77816
13,MARSILING LANE,1.4411,103.77928
12,MARSILING LANE,1.44051,103.77862
6,MARSILING DR,1.44207,103.77635
125,MARSILING RISE,1.43848,103.77952
130,MARSILING RISE,1.43813,103.7787
2,MARSILING DR,1.43994,103.77669
1,MARSILING DR,1.44067,103.77574
213,MARSILING CRES,1.44641,103.7722
217,MARSILING CRES,1.44675,103.77253
212,MARSILING CRES,1.44621,103.77308
31,MARSILING DR,1.44299,103.77234
22,MARSILING DR,1.4419,103.77437
24,MARSILING DR,1.44151,103.77213
1A,WOODLANDS CTR RD,,
203,MARSILING DR,1.44378,103.77442
204,MARSILING DR,1.44422,103.77403
206,MARSILING DR,1.44541,103.77337
146,WOODLANDS ST 13,1.43612,103.77408
8,MARSILING DR,1.44135,103.77718
29,MARSILING DR,1.4431,103.77337
25,MARSILING DR,1.44194,103.77205
205,MARSILING DR,1.44495,103.77348
104,WOODLANDS ST 13,1.43647,103.78158
171,WOODLANDS ST 11,1.43397,103.77653
165,WOODLANDS ST 13,1.43297,103.77493
162,WOODLANDS ST 13,1.43303,103.77313
10,MARSILING DR,1.44081,103.77732
35,MARSILING DR,1.44498,103.77172
36,MARSILING DR,1.44532,103.77219
116,YISHUN RING RD,1.43503,103.82813
101,YISHUN AVE 5,1.43054,103.82767
107,YISHUN RING RD,1.43222,103.82752
706,YISHUN AVE 5,1.42887,103.82891
701,YISHUN AVE 5,1.42995,103.82884
712,YISHUN AVE 5,1.42785,103.82778
736,YISHUN ST 72,1.42866,103.83173
742,YISHUN AVE 5,1.42972,103.83311
138,YISHUN RING RD,1.43161,103.83061
136,YISHUN RING RD,1.43203,103.83144
121,YISHUN ST 11,1.43437,103.83014
215,YISHUN ST 21,1.43174,103.83566
216,YISHUN ST 21,1.43228,103.8364
217,YISHUN ST 21,1.43262,103.83632
219,YISHUN ST 21,1.43332,103.83615
143,YISHUN RING RD,1.431,103.83109
137,YISHUN RING RD,1.43198,103.83025
128,YISHUN ST 11,1.43388,103.8313
254,YISHUN RING RD,1.43462,103.84058
262,YISHUN ST 22,1.43578,103.83917
276,YISHUN ST 22,1.43782,103.83784
751,YISHUN ST 72,1.42761,103.83427
752,YISHUN ST 72,1.42724,103.83405
733,YISHUN AVE 5,1.42965,103.83089
740,YISHUN AVE 5,1.43012,103.83215
210,YISHUN ST 21,1.43132,103.83887
205,YISHUN ST 21,1.43107,103.83631
146,YISHUN ST 11,1.431,103.83247
220,YISHUN ST 21,1.43362,103.83524
280,YISHUN ST 22,1.43859,103.83695
772,YISHUN AVE 3,1.42364,103.83258
154,YISHUN ST 11,1.43151,103.83432
159,YISHUN ST 11,1.43279,103.83403
161,YISHUN ST 11,1.43279,103.83313
221,YISHUN ST 21,1.43372,103.83607
231,YISHUN ST 21,1.43407,103.83708
229,YISHUN ST 21,1.43491,103.8372
238,YISHUN RING RD,1.43305,103.83924
240,YISHUN RING RD,1.4327,103.83937
326,YISHUN RING RD,1.42955,103.84244
170,ANG MO KIO AVE 4,1.374,103.83643
212,ANG MO KIO AVE 3,1.3688,103.84162
201,ANG MO KIO AVE 3,1.36885,103.84456
307,ANG MO KIO AVE 1,1.36529,103.84551
255,ANG MO KIO AVE 4,1.37065,103.83463
248,ANG MO KIO AVE 2,,
256,ANG MO KIO AVE 4,1.37062,103.83597
328,ANG MO KIO AVE 3,1.36662,103.84787
301,ANG MO KIO AVE 3,1.36742,103.8459
118,ANG MO KIO AVE 4,1.3733,103.83548
348,ANG MO KIO AVE 3,1.3662,103.8479
447,ANG MO KIO AVE 10,1.36748,103.85597
571,ANG MO KIO AVE 3,1.37006,103.85488
584,ANG MO KIO AVE 3,1.37071,103.8535
454,ANG MO KIO AVE 10,,
457,ANG MO KIO AVE 10,1.3657,103.85894
461,ANG MO KIO AVE 10,1.36753,103.85741
575,ANG MO KIO AVE 10,1.37139,103.85595
561,ANG MO KIO AVE 10,1.37058,103.85785
605,ANG MO KIO AVE 5,1.37967,103.83649
512,ANG MO KIO AVE 8,1.37261,103.84916
506,ANG MO KIO AVE 8,1.3744,103.84894
502,ANG MO KIO AVE 5,1.37572,103.84993
523,ANG MO KIO AVE 5,1.37294,103.85287
644,ANG MO KIO AVE 4,1.37915,103.84094
621,ANG MO KIO AVE 9,1.38303,103.84067
625,ANG MO KIO AVE 9,1.3822,103.84121
155,ANG MO KIO AVE 4,1.37588,103.84007
210,ANG MO KIO AVE 3,1.36856,103.84324
225,ANG MO KIO AVE 1,1.3674,103.83815
226,ANG MO KIO AVE 1,1.36773,103.8384
326,ANG MO KIO AVE 3,1.36707,103.8479
302,ANG MO KIO AVE 3,1.36709,103.84566
134,ANG MO KIO AVE 3,1.37208,103.84195
415,ANG MO KIO AVE 10,1.36445,103.85366
416,ANG MO KIO AVE 10,1.36454,103.8551
436,ANG MO KIO AVE 10,1.36734,103.85404
470,ANG MO KIO AVE 10,1.36409,103.85669
476,ANG MO KIO AVE 10,1.36239,103.85788
565,ANG MO KIO AVE 3,1.36954,103.85839
546,ANG MO KIO AVE 10,1.37365,103.85702
612,ANG MO KIO AVE 4,1.37891,103.8386
312,ANG MO KIO AVE 3,1.3662,103.84878
111,ANG MO KIO AVE 4,,
431,ANG MO KIO AVE 10,1.36822,103.85298
539,ANG MO KIO AVE 10,1.37537,103.85426
725,ANG MO KIO AVE 6,1.37279,103.84691
501,ANG MO KIO AVE 5,1.37598,103.84886
642,ANG MO KIO AVE 5,,
648,ANG MO KIO AVE 5,1.37824,103.84372
171,ANG MO KIO AVE 4,,
535,BEDOK NTH ST 3,1.3327,103.92346
27,NEW UPP CHANGI RD,1.32412,103.93492
4,BEDOK STH AVE 1,1.32249,103.93341
3,BEDOK STH AVE 1,1.32192,103.93318
57,NEW UPP CHANGI RD,1.32425,103.94157
19,CHAI CHEE RD,1.32723,103.92222
36,CHAI CHEE AVE,1.32534,103.92544
32,CHAI CHEE AVE,1.32372,103.925
40,CHAI CHEE AVE,,
103,BEDOK NTH AVE 4,1.33348,103.93754
70,BEDOK STH RD,1.31997,103.94282
40,BEDOK STH RD,1.32099,103.93981
83,BEDOK NTH RD,,
135,BEDOK NTH ST 2,1.32874,103.93651
127,BEDOK NTH ST 2,1.32797,103.93794
122,BEDOK NTH ST 2,1.32862,103.93779
426,BEDOK NTH RD,1.3298,103.92899
420,BEDOK NTH ST 1,1.32774,103.92887
530,BEDOK NTH ST 3,1.33371,103.92702
519,BEDOK NTH AVE 1,1.33088,103.92806
42,CHAI CHEE ST,1.32798,103.9258
545,BEDOK NTH ST 3,1.33005,103.92412
554,BEDOK NTH ST 3,1.33263,103.92817
548,BEDOK NTH AVE 1,1.33131,103.92685
550,BEDOK NTH AVE 1,1.33269,103.92662
608,BEDOK RESERVOIR RD,1.33184,103.9132
105,BEDOK RESERVOIR RD,1.32914,103.90911
37,BEDOK STH AVE 2,1.32191,103.93985
52,NEW UPP CHANGI RD,1.3239,103.94251
159,BEDOK STH AVE 3,1.31905,103.94562
169,BEDOK STH AVE 3,1.32039,103.94509
526,BEDOK NTH ST 3,1.33422,103.92913
408,BEDOK NTH AVE 2,,
626,BEDOK RESERVOIR RD,1.33437,103.91568
709,BEDOK RESERVOIR RD,1.33542,103.92235
157,BEDOK STH AVE 3,1.31874,103.94572
415,BEDOK NTH AVE 2,1.32965,103.93026
407,BEDOK NTH AVE 3,1.32846,103.93368
612,BEDOK RESERVOIR RD,1.33166,103.91594
51,CHAI CHEE ST,,
607,BEDOK RESERVOIR RD,1.33108,103.9129
621,BEDOK RESERVOIR RD,1.33453,103.91687
723,BEDOK RESERVOIR RD,1.33695,103.92896
21,BEDOK STH RD,,
61,NEW UPP CHANGI RD,,
67,BEDOK STH AVE 3,1.31897,103.94408
32,BEDOK STH AVE 2,,
91,BEDOK NTH ST 4,1.33255,103.94037
97,BEDOK NTH AVE 4,,
98,BEDOK NTH AVE 4,1.33423,103.93984
719,BEDOK RESERVOIR RD,1.33642,103.92483
305,SHUNFU RD,1.35012,103.83873
307,SHUNFU RD,1.35048,103.83877
312,SHUNFU RD,1.3512,103.83872
206,BT BATOK ST 21,1.34667,103.74938
207,BT BATOK ST 21,1.34625,103.74938
167,BT BATOK WEST AVE 8,1.34693,103.74226
139,BT BATOK WEST AVE 6,1.3511,103.74417
136,BT BATOK WEST AVE 6,1.3509,103.74486
175,BT BATOK WEST AVE 8,1.34555,103.7416
213,BT BATOK ST 21,1.34682,103.7525
215,BT BATOK ST 21,1.34677,103.75334
239,BT BATOK EAST AVE 5,1.35024,103.7551
240,BT BATOK EAST AVE 5,1.35049,103.75418
242,BT BATOK EAST AVE 5,1.35096,103.75623
237,BT BATOK EAST AVE 5,1.34949,103.75531
210,BT BATOK ST 21,1.34548,103.74996
108,BT BATOK WEST AVE 6,1.34744,103.7465
249,BT BATOK EAST AVE 5,1.35062,103.75656
107,BT BATOK WEST AVE 6,1.34781,103.74661
105,BT BATOK CTRL,,
260,BT BATOK EAST AVE 4,,
183,BT BATOK WEST AVE 8,,
230,BT BATOK EAST AVE 3,1.34772,103.75499
124,BT BATOK CTRL,,
308,BT BATOK ST 31,,
236,BT BATOK EAST AVE 5,1.34934,103.75596
254,BT BATOK EAST AVE 4,,
257,BT BATOK EAST AVE 4,1.35117,103.75798
218,BT BATOK ST 21,1.3473,103.7542
122,BT BATOK CTRL,1.35204,103.74695
125,BT BATOK CTRL,1.35153,103.74716
31,TAMAN HO SWEE,,
105,DEPOT RD,1.28089,103.81236
107,DEPOT RD,,
43,TELOK BLANGAH RISE,,
65,TELOK BLANGAH DR,1.27406,103.81042
6,EVERTON PK,1.27667,103.83879
101,BT PURMEI RD,,
1,REDHILL CL,,
12,TAMAN HO SWEE,1.28781,103.83278
8,JLN BT HO SWEE,,
106,HENDERSON CRES,,
112,BT PURMEI RD,,
68,TELOK BLANGAH HTS,,
87,ZION RD,1.29066,103.83261
47,LENGKOK BAHRU,,
104,SPOTTISWOODE PK RD,1.27443,103.83488
25,TELOK BLANGAH CRES,1.27634,103.81919
3,QUEEN'S RD,,
32,NEW MKT RD,1.28486,103.84258
2,TG PAGAR PLAZA,,
536,UPP CROSS ST,,
532,UPP CROSS ST,1.28419,103.84599
30,KELANTAN RD,1.30547,103.85688
7,TG PAGAR PLAZA,1.27712,103.84312
641,ROWELL RD,1.30816,103.85515
6,TECK WHYE AVE,1.38159,103.75383
2,TECK WHYE AVE,1.38195,103.75189
19,TECK WHYE LANE,1.37939,103.75295
8,TECK WHYE AVE,1.38066,103.75467
14,TECK WHYE LANE,1.37848,103.75568
611,CLEMENTI WEST ST 1,1.3037,103.76948
510,WEST COAST DR,,
407,CLEMENTI AVE 1,,
362,CLEMENTI AVE 2,1.31272,103.7699
409,CLEMENTI AVE 1,,
429,CLEMENTI AVE 3,1.31291,103.76286
426,CLEMENTI AVE 3,1.31158,103.76421
330,CLEMENTI AVE 2,,
432,CLEMENTI AVE 3,,
507,WEST COAST DR,1.31208,103.7608
403,CLEMENTI AVE 1,,
402,CLEMENTI AVE 1,,
345,CLEMENTI AVE 5,1.3177,103.76908
518,WEST COAST RD,,
603,CLEMENTI WEST ST 1,1.30479,103.76733
701,WEST COAST RD,1.30761,103.76138
449,CLEMENTI AVE 3,1.31362,103.76481
379,CLEMENTI AVE 5,,
118,CLEMENTI ST 13,,
359,CLEMENTI AVE 2,,
333,CLEMENTI AVE 2,1.31518,103.7675
308,CLEMENTI AVE 4,,
302,CLEMENTI AVE 4,,
347,CLEMENTI AVE 5,,
709,CLEMENTI WEST ST 2,,
716,CLEMENTI WEST ST 2,,
101,CLEMENTI ST 14,,
342,CLEMENTI AVE 5,,
340,CLEMENTI AVE 5,1.31873,103.77007
114,CLEMENTI ST 13,1.32392,103.77063
206,CLEMENTI AVE 6,,
109,ALJUNIED CRES,,
83,MACPHERSON LANE,,
30,BALAM RD,,
54,SIMS DR,,
91,PAYA LEBAR WAY,,
62,SIMS DR,,
69,CIRCUIT RD,,
45,CIRCUIT RD,1.32639,103.88608
32,BALAM RD,,
44,SIMS DR,,
5,HAIG RD,,
10,EUNOS CRES,,
343,UBI AVE 1,1.32651,103.90049
120,PAYA LEBAR WAY,,
846,SIMS AVE,,
301,HOUGANG AVE 5,,
23,HOUGANG AVE 3,,
123,HOUGANG AVE 1,1.35338,103.88626
116,HOUGANG AVE 1,,
111,HOUGANG AVE 1,,
311,HOUGANG AVE 5,1.36567,103.89485
317,HOUGANG AVE 7,1.3653,103.89645
307,HOUGANG AVE 5,1.36666,103.89501
242,HOUGANG ST 22,1.35739,103.89217
404,HOUGANG AVE 10,,
232,HOUGANG AVE 1,,
321,HOUGANG AVE 5,,
325,HOUGANG AVE 7,1.36759,103.89888
306,HOUGANG AVE 5,,
103,HOUGANG AVE 1,1.35528,103.89036
139,LOR AH SOO,1.35223,103.88424
145,LOR AH SOO,1.35149,103.88324
357,HOUGANG AVE 7,1.37286,103.89965
14,TEBAN GDNS RD,,
410,PANDAN GDNS,,
318,JURONG EAST ST 31,,
229,JURONG EAST ST 21,1.34183,103.73802
115,JURONG EAST ST 13,,
304,JURONG EAST ST 32,,
248,JURONG EAST ST 24,1.34227,103.7401
241,JURONG EAST ST 24,1.34148,103.74297
225A,JURONG EAST ST 21,,
317,JURONG EAST ST 31,,
207,JURONG EAST ST 21,,
31,TEBAN GDNS RD,,
212,JURONG EAST ST 21,,
312,JURONG EAST ST 32,,
413,PANDAN GDNS,1.31951,103.74795
46,TEBAN GDNS RD,1.32003,103.74048
5,YUNG PING RD,,
6,YUNG PING RD,,
113,TAO CHING RD,1.33318,103.72435
142,HU CHING RD,,
171,BOON LAY DR,,
207,BOON LAY PL,1.34659,103.71357
425,JURONG WEST AVE 1,1.35085,103.72444
462,JURONG WEST ST 41,1.35066,103.72235
475,JURONG WEST ST 41,1.3481,103.72509
474,JURONG WEST ST 41,,
528,JURONG WEST ST 52,1.34832,103.71696
480,JURONG WEST ST 41,,
514,JURONG WEST ST 52,,
437,JURONG WEST AVE 1,1.35157,103.72396
451,JURONG WEST ST 42,1.35188,103.7185
449,JURONG WEST ST 42,1.35235,103.71844
403,JURONG WEST ST 42,,
430,JURONG WEST AVE 1,,
486,JURONG WEST AVE 1,,
419,JURONG WEST ST 42,,
420,JURONG WEST ST 42,1.35057,103.72717
426,JURONG WEST AVE 1,,
199,BOON LAY DR,,
405,JURONG WEST ST 42,,
470,JURONG WEST ST 41,,
8,JLN BATU,,
6,UPP BOON KENG RD,,
64,KALLANG BAHRU,,
10,GLOUCESTER RD,,
43,BENDEMEER RD,,
35,JLN BAHAGIA,,
22,BOON KENG RD,,
49,WHAMPOA STH,,
105,TOWNER RD,,
41,CAMBRIDGE RD,,
101,AH HOOD RD,1.3274,103.84448
54,KENT RD,,
21,ST. GEORGE'S RD,,
22,ST. GEORGE'S RD,,
103,TOWNER RD,,
48,DORSET RD,,
105,JLN RAJAH,,
65,MARINE DR,,
57,MARINE TER,1.30651,103.91548
8,MARINE TER,,
45,MARINE CRES,,
60,MARINE DR,1.30339,103.90855
63,MARINE DR,1.30238,103.90924
18,MARINE TER,,
44,MARINE CRES,1.30473,103.91309
2,MARINE TER,,
84,C'WEALTH CL,1.30364,103.79946
81,C'WEALTH CL,1.30379,103.80039
1,DOVER RD,1.30253,103.78327
20,DOVER CRES,1.30672,103.78352
11,GHIM MOH RD,1.31106,103.78912
153,MEI LING ST,,
157,MEI LING ST,,
167,STIRLING RD,,
32,HOLLAND CL,1.30618,103.79688
31,HOLLAND CL,1.30698,103.79708
17,HOLLAND DR,1.31378,103.7827
41,HOLLAND DR,1.30762,103.79346
90,C'WEALTH DR,,
76,C'WEALTH DR,,
108,C'WEALTH CRES,1.30755,103.79909
97,C'WEALTH CRES,1.30616,103.8015
26,DOVER CRES,1.30591,103.78157
1,LOR LEW LIAN,1.35087,103.87534
106,SERANGOON NTH AVE 1,1.37024,103.87082
303,SERANGOON AVE 2,1.35349,103.86705
225,SERANGOON AVE 4,1.35673,103.87011
223,SERANGOON AVE 4,1.35756,103.87061
217,SERANGOON AVE 4,1.35764,103.87209
219,SERANGOON AVE 4,,
226,SERANGOON AVE 4,1.35682,103.87086
224,SERANGOON AVE 4,1.35721,103.87083
113,SERANGOON NTH AVE 1,1.36878,103.87047
111,SERANGOON NTH AVE 1,,
230,SERANGOON AVE 4,1.35595,103.86958
304,SERANGOON AVE 2,1.35381,103.86777
309,SERANGOON AVE 2,1.35381,103.86521
312,SERANGOON AVE 2,1.35329,103.8658
125,SERANGOON NTH AVE 1,1.36645,103.87211
318,SERANGOON AVE 2,1.35284,103.86716
104,TAMPINES ST 11,1.34721,103.94664
207,TAMPINES ST 21,1.35136,103.95223
814,TAMPINES ST 81,1.34728,103.93655
283,TAMPINES ST 22,1.34863,103.95285
297,TAMPINES ST 22,1.35115,103.95479
212,TAMPINES ST 23,1.35443,103.9544
218,TAMPINES ST 24,,
221,TAMPINES ST 24,1.35516,103.95236
450,TAMPINES ST 42,1.35742,103.95166
848,TAMPINES ST 82,1.35248,103.93606
228,TAMPINES ST 23,,
831,TAMPINES ST 83,,
103,TAMPINES ST 11,1.3477,103.94623
109,TAMPINES ST 11,1.34741,103.94881
281,TAMPINES ST 22,,
273,TAMPINES ST 22,1.34869,103.95045
240,TAMPINES ST 21,,
916,TAMPINES ST 91,1.34863,103.94029
902,TAMPINES AVE 4,1.35128,103.9392
921,TAMPINES ST 91,1.34829,103.94074
934,TAMPINES ST 91,,
268,TAMPINES ST 21,,
805,TAMPINES AVE 4,1.34612,103.93741
833,TAMPINES ST 83,,
804,TAMPINES AVE 4,1.34575,103.93737
114,TAMPINES ST 11,1.34597,103.94676
162,TAMPINES ST 12,,
903,TAMPINES AVE 4,,
932,TAMPINES ST 91,,
151,TAMPINES ST 12,,
147,TAMPINES AVE 5,,
51,LOR 6 TOA PAYOH,,
109,LOR 1 TOA PAYOH,,
117,LOR 1 TOA PAYOH,1.34002,103.84541
96,LOR 3 TOA PAYOH,1.33862,103.84838
38,LOR 5 TOA PAYOH,,
125,LOR 1 TOA PAYOH,,
8,LOR 7 TOA PAYOH,1.33788,103.85661
79,TOA PAYOH CTRL,1.33473,103.84982
157,LOR 1 TOA PAYOH,,
85C,LOR 4 TOA PAYOH,,
174,LOR 1 TOA PAYOH,,
195,KIM KEAT AVE,,
137,POTONG PASIR AVE 3,,
105,POTONG PASIR AVE 1,1.33442,103.8687
108,POTONG PASIR AVE 1,1.33472,103.86793
115,POTONG PASIR AVE 1,1.33727,103.86281
116,POTONG PASIR AVE 1,,
66,LOR 4 TOA PAYOH,,
222,LOR 8 TOA PAYOH,1.34177,103.85604
219,LOR 8 TOA PAYOH,,
175,LOR 2 TOA PAYOH,,
114,POTONG PASIR AVE 1,1.33677,103.86331
11,JOO SENG RD,,
10,JOO SENG RD,1.33462,103.88017
223,LOR 8 TOA PAYOH,1.34126,103.85555
230,LOR 8 TOA PAYOH,,
130,POTONG PASIR AVE 1,,
17,MARSILING LANE,1.44268,103.77772
30,MARSILING DR,1.44256,103.77241
23,MARSILING DR,1.44154,103.7733
32,MARSILING DR,1.44338,103.77292
145,WOODLANDS ST 13,,
155,WOODLANDS ST 13,,
33,MARSILING DR,1.44356,103.77202
37,MARSILING DR,1.44554,103.77171
114,YISHUN RING RD,1.43414,103.82702
117,YISHUN RING RD,1.43556,103.8277
111,YISHUN RING RD,1.43321,103.82862
709,YISHUN AVE 5,1.42857,103.82774
710,YISHUN AVE 5,,
741,YISHUN AVE 5,,
134,YISHUN ST 11,,
211,YISHUN ST 21,,
203,YISHUN ST 21,,
141,YISHUN RING RD,,
151,YISHUN ST 11,1.43081,103.83427
279,YISHUN ST 22,1.43837,103.83738
756,YISHUN ST 72,1.42657,103.83324
390,YISHUN AVE 6,1.42921,103.8484
737,YISHUN ST 72,1.42898,103.83244
160,YISHUN ST 11,1.43242,103.83343
234,YISHUN ST 21,1.43435,103.83792
247,YISHUN AVE 9,1.435,103.84207
250,YISHUN AVE 9,1.43553,103.84167
726,YISHUN ST 71,1.42654,103.83067
149,YISHUN ST 11,1.43155,103.83278
358,YISHUN RING RD,,
172,ANG MO KIO AVE 4,,
213,ANG MO KIO AVE 3,1.36777,103.84126
214,ANG MO KIO AVE 3,1.36739,103.84113
316,ANG MO KIO AVE 1,,
112,ANG MO KIO AVE 4,1.37128,103.83577
107,ANG MO KIO AVE 4,,
106,ANG MO KIO AVE 4,1.37193,103.83749
108,ANG MO KIO AVE 4,,
122,ANG MO KIO AVE 3,,
421,ANG MO KIO AVE 10,1.36538,103.85297
440,ANG MO KIO AVE 10,1.36643,103.85431
445,ANG MO KIO AVE 10,,
448,ANG MO KIO AVE 10,1.36744,103.8564
432,ANG MO KIO AVE 10,1.36831,103.8536
587,ANG MO KIO AVE 3,1.37019,103.85243
464,ANG MO KIO AVE 10,1.36673,103.85692
462,ANG MO KIO AVE 10,1.36696,103.85803
557,ANG MO KIO AVE 10,1.37163,103.85774
536,ANG MO KIO AVE 10,1.37447,103.8541
535,ANG MO KIO AVE 5,1.37458,103.85305
602,ANG MO KIO AVE 5,1.38071,103.83537
606,ANG MO KIO AVE 5,,
509,ANG MO KIO AVE 8,1.374,103.85014
549,ANG MO KIO AVE 10,,
624,ANG MO KIO AVE 4,,
331,ANG MO KIO AVE 1,,
173,ANG MO KIO AVE 4,1.37531,103.83625
631,ANG MO KIO AVE 4,1.37956,103.84074
304,ANG MO KIO AVE 1,1.36629,103.84499
412,ANG MO KIO AVE 10,,
572,ANG MO KIO AVE 3,1.37026,103.85597
563,ANG MO KIO AVE 3,1.36987,103.858
177,ANG MO KIO AVE 4,,
182,ANG MO KIO AVE 5,1.37734,103.83647
458,ANG MO KIO AVE 10,,
552,ANG MO KIO AVE 10,,
305,ANG MO KIO AVE 1,,
77,BEDOK NTH RD,,
1,BEDOK STH AVE 1,,
37,CHAI CHEE AVE,1.32544,103.92621
102,BEDOK NTH AVE 4,,
109,BEDOK NTH RD,,
528,BEDOK NTH ST 3,,
522,BEDOK NTH AVE 1,1.33066,103.92698
201,BEDOK NTH ST 1,,
45,CHAI CHEE ST,1.32862,103.9245
614,BEDOK RESERVOIR RD,,
43,BEDOK STH RD,,
6,BEDOK STH AVE 2,1.32222,103.93499
5,BEDOK STH AVE 2,1.32219,103.9344
64,NEW UPP CHANGI RD,1.32422,103.93986
513,BEDOK NTH AVE 2,1.33296,103.92926
705,BEDOK NTH RD,1.33664,103.919
103,BEDOK RESERVOIR RD,,
106,BEDOK RESERVOIR RD,,
506,BEDOK NTH AVE 3,,
715,BEDOK RESERVOIR RD,,
714,BEDOK RESERVOIR RD,,
53,CHAI CHEE ST,,
62,CHAI CHEE RD,1.32542,103.92125
90,BEDOK NTH ST 4,1.33215,103.94045
33,CHAI CHEE AVE,1.32401,103.92585
34,CHAI CHEE AVE,1.32417,103.92641
303,SHUNFU RD,1.34977,103.83848
301,SHUNFU RD,1.34936,103.83833
178,BT BATOK WEST AVE 8,1.34605,103.74261
179,BT BATOK WEST AVE 8,1.34581,103.74221
217,BT BATOK ST 21,1.34673,103.75473
231,BT BATOK EAST AVE 5,,
112,BT BATOK WEST AVE 6,,
211,BT BATOK ST 21,1.346,103.75037
251,BT BATOK EAST AVE 5,1.35081,103.75753
313,BT BATOK ST 32,,
303,BT BATOK ST 31,,
202,BT BATOK ST 21,,
48,MOH GUAN TER,,
28,TELOK BLANGAH RISE,,
136,JLN BT MERAH,1.27829,103.82754
129,BT MERAH VIEW,1.28358,103.82382
6,TELOK BLANGAH CRES,1.27814,103.81848
1,TELOK BLANGAH CRES,,
21,TELOK BLANGAH CRES,,
64,TELOK BLANGAH DR,,
145,JLN BT MERAH,,
144,JLN BT MERAH,,
148,SILAT AVE,,
105,BT PURMEI RD,,
10,REDHILL CL,1.28784,103.81797
46,JLN BT HO SWEE,,
34,JLN BT HO SWEE,1.28808,103.82708
4,JLN BT HO SWEE,,
18,TIONG BAHRU RD,,
40,TELOK BLANGAH RISE,,
110,BT MERAH VIEW,,
61,TELOK BLANGAH HTS,,
22,KG BAHRU HILL,,
102,HENDERSON CRES,,
5,EVERTON PK,,
114,DEPOT RD,,
39,TELOK BLANGAH RISE,1.27175,103.82251
106,SPOTTISWOODE PK RD,,
1,QUEEN'S RD,,
11,SHORT ST,,
5,TG PAGAR PLAZA,1.27624,103.84301
1,TG PAGAR PLAZA,,
28,KELANTAN RD,,
533,UPP CROSS ST,,
335A,SMITH ST,,
4,SAGO LANE,,
262,WATERLOO ST,,
661,BUFFALO RD,,
269B,QUEEN ST,,
634,VEERASAMY RD,,
20,TECK WHYE LANE,,
331,CLEMENTI AVE 2,,
319,CLEMENTI AVE 4,1.31738,103.76479
304,CLEMENTI AVE 4,1.32092,103.76486
519,WEST COAST RD,1.30766,103.75936
714,CLEMENTI WEST ST 2,1.3043,103.76168
317,CLEMENTI AVE 4,1.31804,103.76452
730,CLEMENTI WEST ST 2,1.30478,103.76312
708,CLEMENTI WEST ST 2,1.30572,103.76217
715,CLEMENTI WEST ST 2,1.30315,103.76194
338,CLEMENTI AVE 2,1.31629,103.76953
604,CLEMENTI WEST ST 1,,
203,CLEMENTI AVE 6,1.32077,103.76232
43,CIRCUIT RD,1.32648,103.88554
10,HAIG RD,1.31484,103.89587
1,HAIG RD,1.31129,103.8977
97,ALJUNIED CRES,,
101,ALJUNIED CRES,,
66,CIRCUIT RD,,
64,CIRCUIT RD,,
19,BALAM RD,1.33142,103.88741
82,MACPHERSON LANE,1.33228,103.88562
126,GEYLANG EAST AVE 1,,
323,UBI AVE 1,,
121,PAYA LEBAR WAY,,
122,PAYA LEBAR WAY,,
349,UBI AVE 1,,
320,UBI AVE 1,,
124,PAYA LEBAR WAY,,
14,EUNOS CRES,,
23,EUNOS CRES,,
210,HOUGANG ST 21,,
241,HOUGANG ST 22,,
126,HOUGANG AVE 1,,
328,HOUGANG AVE 5,,
335,HOUGANG AVE 7,1.36895,103.89872
340,HOUGANG AVE 7,,
354,HOUGANG AVE 7,,
351,HOUGANG AVE 7,,
414,HOUGANG AVE 10,,
416,HOUGANG AVE 10,,
144,LOR AH SOO,,
353,HOUGANG AVE 7,,
7,TEBAN GDNS RD,,
13,TEBAN GDNS RD,,
411,PANDAN GDNS,,
341,JURONG EAST AVE 1,,
321,JURONG EAST ST 31,,
231,JURONG EAST ST 21,1.34113,103.7381
102,JURONG EAST ST 13,,
205,JURONG EAST ST 21,,
310,JURONG EAST ST 32,,
108,JURONG EAST ST 13,,
206,JURONG EAST ST 21,,
32,TEBAN GDNS RD,1.32184,103.73987
41,TEBAN GDNS RD,1.32159,103.74099
224,JURONG EAST ST 21,1.34171,103.73673
106,JURONG EAST ST 13,,
213,JURONG EAST ST 21,,
246,JURONG EAST ST 24,1.34178,103.74006
203,JURONG EAST ST 21,1.33683,103.74254
314,JURONG EAST ST 32,1.34665,103.73328
340,JURONG EAST AVE 1,1.35013,103.73069
401,PANDAN GDNS,1.32035,103.7503
407,PANDAN GDNS,1.31889,103.74863
216,JURONG EAST ST 21,1.33953,103.73781
325,JURONG EAST ST 31,,
336,JURONG EAST AVE 1,,
333,JURONG EAST AVE 1,1.35124,103.73096
513,JURONG WEST ST 52,,
438,JURONG WEST AVE 1,,
464,JURONG WEST ST 41,,
459,JURONG WEST ST 41,,
521,JURONG WEST ST 52,,
216,BOON LAY AVE,,
518,JURONG WEST ST 52,,
510,JURONG WEST ST 52,,
413,JURONG WEST ST 42,,
411,JURONG WEST ST 42,,
432,JURONG WEST ST 42,1.35256,103.72357
540,JURONG WEST AVE 1,1.35059,103.71535
428,JURONG WEST AVE 1,1.3516,103.72529
488,JURONG WEST AVE 1,,
478,JURONG WEST ST 41,,
418,JURONG WEST ST 42,,
417,JURONG WEST ST 42,1.35131,103.72735
422,JURONG WEST ST 42,,
461,JURONG WEST ST 41,1.34956,103.7208
468,JURONG WEST ST 41,,
555,JURONG WEST ST 42,1.35367,103.71885
443,JURONG WEST AVE 1,1.3518,103.72039
427,JURONG WEST AVE 1,,
408,JURONG WEST ST 42,,
409,JURONG WEST ST 42,,
556,JURONG WEST ST 42,,
3,ST. GEORGE'S RD,,
3,BEACH RD,,
462,CRAWFORD LANE,,
463,CRAWFORD LANE,,
30,BENDEMEER RD,,
8,UPP BOON KENG RD,,
72,GEYLANG BAHRU,,
73,GEYLANG BAHRU,,
57,GEYLANG BAHRU,,
50,DORSET RD,1.31315,103.85091
44,OWEN RD,1.31551,103.85038
5,ST. GEORGE'S LANE,,
8,ST. GEORGE'S LANE,1.32358,103.85988
12,KG ARANG RD,1.30083,103.88369
6,JLN BATU,,
2,JLN BATU,,
55,JLN BAHAGIA,,
1,ST. GEORGE'S RD,,
96,WHAMPOA DR,,
17,BEACH RD,,
15,UPP BOON KENG RD,1.31587,103.8713
106,TOWNER RD,1.32102,103.861
9,GLOUCESTER RD,1.31359,103.8517
13,ST. GEORGE'S RD,1.32323,103.86273
3,LIM CHU KANG RD,,
47,MARINE CRES,,
6,MARINE TER,,
5,MARINE TER,1.30456,103.91723
20,MARINE TER,,
33,MARINE CRES,,
75,MARINE DR,1.30337,103.90744
74,MARINE DR,1.30371,103.90721
54,MARINE TER,1.3053,103.91501
27,MARINE CRES,1.30403,103.9135
79,MARINE DR,1.30153,103.90781
77,MARINE DR,1.30202,103.90859
37,TANGLIN HALT RD,1.29777,103.79802
34,TANGLIN HALT RD,1.29681,103.79836
44,TANGLIN HALT RD,1.29895,103.79854
10,GHIM MOH RD,,
152,MEI LING ST,1.29383,103.80263
169,STIRLING RD,1.29043,103.80311
27A,C'WEALTH AVE,,
23A,QUEEN'S CL,1.2943,103.79973
46,HOLLAND DR,1.30879,103.7927
80,C'WEALTH DR,,
96,C'WEALTH CRES,1.30619,103.80119
100,C'WEALTH CRES,1.30771,103.80127
27,TANGLIN HALT RD,,
30,TANGLIN HALT RD,1.29981,103.79996
13,GHIM MOH RD,1.30971,103.7891
2,LOR LEW LIAN,1.35061,103.87568
302,SERANGOON AVE 2,1.35318,103.86712
215,SERANGOON AVE 4,1.35787,103.87342
233,SERANGOON AVE 3,1.35513,103.86914
232,SERANGOON AVE 3,1.35475,103.86873
7,LOR LEW LIAN,1.34916,103.87701
211,SERANGOON AVE 4,1.35632,103.87318
216,SERANGOON AVE 4,1.35755,103.87314
301,SERANGOON AVE 2,1.35288,103.86782
121,SERANGOON NTH AVE 1,1.36694,103.87128
310,SERANGOON AVE 2,1.35362,103.86572
123,SERANGOON NTH AVE 1,1.36696,103.87259
205,TAMPINES ST 21,1.35172,103.95197
907,TAMPINES AVE 4,1.35061,103.9394
108,TAMPINES ST 11,1.34787,103.94856
282,TAMPINES ST 22,1.34775,103.95244
144,TAMPINES ST 12,1.34842,103.94373
243,TAMPINES ST 21,1.3542,103.94712
249,TAMPINES ST 21,1.35187,103.94846
421,TAMPINES ST 41,1.35752,103.94754
246,TAMPINES ST 21,1.35323,103.94723
292,TAMPINES ST 22,1.35018,103.95578
445,TAMPINES ST 42,1.3583,103.95066
935,TAMPINES ST 91,1.34575,103.94135
263,TAMPINES ST 21,1.35331,103.95114
280,TAMPINES ST 22,1.34754,103.9517
145,TAMPINES ST 12,1.3488,103.94369
164,TAMPINES ST 12,1.34962,103.946
259,TAMPINES ST 21,1.35514,103.94999
222,TAMPINES ST 24,1.35552,103.95269
933,TAMPINES ST 91,1.34524,103.9391
418,TAMPINES ST 41,1.35827,103.94731
446,TAMPINES ST 42,1.35794,103.951
242,TAMPINES ST 21,1.35404,103.94658
233,TAMPINES ST 21,1.35641,103.94753
210,TAMPINES ST 23,1.35402,103.95399
229,TAMPINES ST 23,1.35593,103.95394
926,TAMPINES ST 91,1.34601,103.94099
922,TAMPINES ST 91,1.3475,103.94076
156,TAMPINES ST 12,1.35162,103.94509
235,LOR 8 TOA PAYOH,1.33895,103.85714
234,LOR 8 TOA PAYOH,1.3386,103.85791
233,LOR 8 TOA PAYOH,1.33828,103.85847
111,LOR 1 TOA PAYOH,1.34124,103.84531
123,LOR 1 TOA PAYOH,1.33865,103.8457
4,LOR 7 TOA PAYOH,1.33904,103.85554
178,TOA PAYOH CTRL,1.33358,103.84926
199,TOA PAYOH NTH,1.34203,103.85065
205,TOA PAYOH NTH,1.34221,103.84773
103,POTONG PASIR AVE 1,1.33411,103.86952
113,POTONG PASIR AVE 1,1.33606,103.8636
57,LOR 5 TOA PAYOH,1.33705,103.8515
221,LOR 8 TOA PAYOH,1.34262,103.85697
183,TOA PAYOH CTRL,1.33336,103.84887
191,LOR 4 TOA PAYOH,1.33189,103.85103
204,TOA PAYOH NTH,1.34148,103.84907
213,LOR 8 TOA PAYOH,1.341,103.85441
145,POTONG PASIR AVE 2,1.33237,103.86617
138,POTONG PASIR AVE 3,1.33356,103.86546
16,JOO SENG RD,1.33648,103.88035
229,LOR 8 TOA PAYOH,1.33872,103.85919
216,LOR 8 TOA PAYOH,1.34247,103.85418
215,LOR 8 TOA PAYOH,1.34183,103.85511
131,MARSILING RISE,1.43848,103.77861
202,MARSILING DR,1.44315,103.77516
7,MARSILING DR,1.44167,103.77673
5,MARSILING DR,1.43973,103.77538
336,WOODLANDS AVE 1,1.43046,103.782
105,WOODLANDS ST 13,1.43684,103.78158
214,MARSILING LANE,1.44697,103.77171
115,YISHUN RING RD,1.43456,103.82797
130,YISHUN ST 11,1.43352,103.83133
704,YISHUN AVE 5,1.42923,103.82888
703,YISHUN AVE 5,1.42958,103.82885
732,YISHUN AVE 5,1.42903,103.83034
127,YISHUN ST 11,1.43421,103.83097
126,YISHUN ST 11,1.43351,103.83001
204,YISHUN ST 21,1.43072,103.8358
129,YISHUN ST 11,1.43371,103.83182
145,YISHUN ST 11,1.43084,103.83186
153,YISHUN ST 11,1.43117,103.83426
158,YISHUN ST 11,1.43241,103.83452
241,YISHUN RING RD,1.43212,103.83912
131,YISHUN ST 11,1.43316,103.83168
245,YISHUN AVE 9,1.43454,103.84211
275,YISHUN ST 22,1.43776,103.83869
727,YISHUN ST 71,1.42621,103.83124
721,YISHUN ST 71,1.4261,103.82897
287,YISHUN AVE 6,1.43962,103.83777
284,YISHUN AVE 6,1.4397,103.83883
148,YISHUN ST 11,1.43195,103.83234
225,YISHUN ST 21,1.43483,103.83581
242,YISHUN RING RD,1.43271,103.84005
759,YISHUN ST 72,1.42625,103.83323
209,YISHUN ST 21,1.43139,103.8377
212,YISHUN ST 21,1.43178,103.83744
858,YISHUN AVE 4,1.41767,103.83852
174,ANG MO KIO AVE 4,1.3751,103.83762
208,ANG MO KIO AVE 1,1.36544,103.84272
319,ANG MO KIO AVE 1,1.36511,103.84738
109,ANG MO KIO AVE 4,1.3701,103.83769
422,ANG MO KIO AVE 3,1.368,103.85187
576,ANG MO KIO AVE 10,1.3714,103.85485
578,ANG MO KIO AVE 10,1.37179,103.85496
556,ANG MO KIO AVE 10,1.37203,103.85763
507,ANG MO KIO AVE 8,1.37443,103.85016
541,ANG MO KIO AVE 10,1.37392,103.85562
623,ANG MO KIO AVE 9,1.38265,103.84086
633,ANG MO KIO AVE 6,1.3812,103.84251
332,ANG MO KIO AVE 1,1.36167,103.85196
229,ANG MO KIO AVE 3,1.36908,103.83823
154,ANG MO KIO AVE 5,1.37626,103.84123
334,ANG MO KIO AVE 1,1.36372,103.85098
402,ANG MO KIO AVE 10,1.36148,103.8553
714,ANG MO KIO AVE 6,1.3711,103.84623
729,ANG MO KIO AVE 6,1.37387,103.84594
520,ANG MO KIO AVE 5,1.37341,103.85113
551,ANG MO KIO AVE 10,1.37393,103.85867
84,BEDOK NTH ST 4,1.33178,103.93921
88,BEDOK NTH ST 4,1.33313,103.93911
423,BEDOK NTH AVE 1,1.32798,103.92757
81,BEDOK NTH RD,1.32892,103.94053
703,BEDOK RESERVOIR RD,1.33717,103.91989
413,BEDOK NTH AVE 2,1.3303,103.93109
604,BEDOK RESERVOIR RD,1.33079,103.91318
19,BEDOK STH RD,1.31976,103.93427
20,BEDOK STH RD,1.31995,103.93372
99,BEDOK NTH AVE 4,1.33393,103.93947
23,SIN MING RD,1.35435,103.83582
313,SHUNFU RD,1.35148,103.83719
176,BT BATOK WEST AVE 8,1.34602,103.74141
168,BT BATOK WEST AVE 8,1.34717,103.7413
166,BT BATOK WEST AVE 8,1.34715,103.74282
162,BT BATOK ST 11,1.34768,103.74189
7,HILLVIEW AVE,,
8,HILLVIEW AVE,,
147,BT BATOK WEST AVE 6,1.34958,103.7436
181,BT BATOK WEST AVE 8,1.34566,103.74341
229,BT BATOK EAST AVE 3,1.34828,103.75468
132,BT BATOK WEST AVE 6,1.35065,103.74563
235,BT BATOK EAST AVE 5,1.34848,103.7563
208,BT BATOK ST 21,1.3459,103.74881
172,BT BATOK WEST AVE 8,1.34567,103.74048
104,BT BATOK CTRL,1.349,103.74726
305,BT BATOK ST 31,1.35786,103.74793
301,BT BATOK ST 31,1.35677,103.74877
243,BT BATOK EAST AVE 5,1.34962,103.75643
110,BT BATOK WEST AVE 6,1.34754,103.7458
102,BT BATOK WEST AVE 6,1.34746,103.74747
171,BT BATOK WEST AVE 8,1.3461,103.74023
32,JLN BT HO SWEE,1.28742,103.82842
30,TELOK BLANGAH RISE,1.27299,103.82025
33,TELOK BLANGAH WAY,1.27436,103.82218
130,KIM TIAN RD,1.2804,103.82928
32,LOWER DELTA RD,,
88,ZION RD,,
90,ZION RD,,
15,TELOK BLANGAH CRES,1.27706,103.82076
22,TELOK BLANGAH CRES,1.27656,103.81982
20,TELOK BLANGAH CRES,1.27692,103.82182
8,REDHILL CL,,
3,REDHILL CL,,
16,TAMAN HO SWEE,1.288,103.83161
51,NILE RD,,
54,NILE RD,,
24,JLN MEMBINA BARAT,,
128,KIM TIAN RD,1.28152,103.82905
24,TELOK BLANGAH CRES,1.27541,103.82066
23,TELOK BLANGAH CRES,1.27608,103.82084
59,TELOK BLANGAH HTS,1.27535,103.81359
104,HENDERSON CRES,1.28937,103.82154
95,HAVELOCK RD,1.28848,103.83285
26,TELOK BLANGAH CRES,1.27669,103.81887
5,FARRER RD,1.31656,103.80729
10,JLN KUKOH,1.28697,103.83908
3,TG PAGAR PLAZA,1.27562,103.84243
263,WATERLOO ST,1.29861,103.85227
26,JLN BERSEH,1.30616,103.85778
668,CHANDER RD,1.30758,103.85148
15,TECK WHYE LANE,1.37913,103.75474
17,TECK WHYE LANE,1.3792,103.75393
612,CLEMENTI WEST ST 1,1.30344,103.76863
364,CLEMENTI AVE 2,1.31241,103.76875
428,CLEMENTI AVE 3,1.31251,103.76327
327,CLEMENTI AVE 5,1.31398,103.76653
352,CLEMENTI AVE 2,1.31428,103.77135
513,WEST COAST RD,1.30867,103.76026
374,CLEMENTI AVE 4,1.31913,103.76698
511,WEST COAST DR,1.31032,103.76041
410,C'WEALTH AVE WEST,1.31144,103.76969
324,CLEMENTI AVE 5,1.31514,103.76605
350,CLEMENTI AVE 2,1.31562,103.77019
318,CLEMENTI AVE 4,1.31804,103.76541
316,CLEMENTI AVE 4,1.31847,103.76453
348,CLEMENTI AVE 5,1.31678,103.7709
373,CLEMENTI AVE 4,1.31949,103.76734
381,CLEMENTI AVE 5,1.31856,103.76803
355,CLEMENTI AVE 2,1.31445,103.76956
102,CLEMENTI ST 14,1.32229,103.7692
95,ALJUNIED CRES,1.3217,103.8862
124,GEYLANG EAST AVE 1,1.31839,103.88668
414,EUNOS RD 5,1.31812,103.89822
32,CASSIA CRES,1.30942,103.8839
95,OLD AIRPORT RD,1.3084,103.88735
99,OLD AIRPORT RD,1.30859,103.88824
315,UBI AVE 1,1.32954,103.9034
314,UBI AVE 1,1.32929,103.90363
313,UBI AVE 1,1.32906,103.9039
2,HAIG RD,1.31229,103.89769
122,GEYLANG EAST CTRL,1.31768,103.88497
34,CASSIA CRES,1.30964,103.88447
31,BALAM RD,1.32968,103.88541
324,UBI AVE 1,1.32829,103.9042
125,ALJUNIED RD,1.32327,103.88175
22,EUNOS CRES,1.32476,103.90211
51,SIMS DR,1.31629,103.8789
50,SIMS DR,1.3165,103.87838
19,HOUGANG AVE 3,1.36379,103.89181
22,HOUGANG AVE 3,1.36429,103.89047
129,LOR AH SOO,1.35152,103.88758
155,HOUGANG ST 11,1.35265,103.88029
249,HOUGANG AVE 3,1.35961,103.89191
6,TEBAN GDNS RD,,
34,TEBAN GDNS RD,1.31988,103.74175
339,JURONG EAST AVE 1,1.34953,103.73153
402,PANDAN GDNS,1.32076,103.74952
414,PANDAN GDNS,1.32008,103.74725
239,JURONG EAST ST 21,1.34096,103.74091
260,JURONG EAST ST 24,1.34372,103.74022
305,JURONG EAST ST 32,1.34544,103.73524
219A,JURONG EAST ST 21,1.34061,103.73745
220,JURONG EAST ST 21,1.34107,103.73747
112,HO CHING RD,1.33389,103.72369
440,JURONG WEST AVE 1,1.35131,103.72284
531,JURONG WEST ST 52,1.34908,103.71534
424,JURONG WEST AVE 1,1.35106,103.72489
537,JURONG WEST AVE 1,1.3505,103.71647
412,JURONG WEST ST 42,1.35325,103.72614
483,JURONG WEST ST 41,1.34735,103.72532
532,JURONG WEST ST 52,1.34915,103.71602
553,JURONG WEST ST 42,1.35313,103.71894
401,JURONG WEST ST 42,1.35342,103.72144
201,BOON LAY DR,1.34327,103.71541
202,BOON LAY DR,1.34378,103.71509
204,BOON LAY DR,1.34439,103.7151
206,BOON LAY DR,1.34495,103.71504
221,BOON LAY PL,1.34634,103.71243
86,WHAMPOA DR,1.32314,103.85587
93,GEYLANG BAHRU,1.32219,103.87161
96,GEYLANG BAHRU,1.32338,103.87046
34,JLN BAHAGIA,1.32698,103.85776
27,JLN BAHAGIA,1.32602,103.85899
102,JLN RAJAH,1.32822,103.85152
6,ST. GEORGE'S LANE,1.32328,103.85888
42,CAMBRIDGE RD,1.31601,103.84979
11,ST. GEORGE'S RD,1.32292,103.86323
38,UPP BOON KENG RD,1.31804,103.87422
64,MARINE DR,1.30211,103.90948
1,MARINE TER,1.30483,103.91861
62,C'WEALTH DR,1.29849,103.79709
29,TANGLIN HALT RD,,
56,C'WEALTH DR,1.29753,103.79709
45,TANGLIN HALT RD,,
40,TANGLIN HALT RD,1.29799,103.79858
162,MEI LING ST,1.29225,103.80286
163,STIRLING RD,1.29188,103.80263
43,HOLLAND DR,1.30743,103.7929
35,DOVER RD,,
91,C'WEALTH DR,1.30587,103.79976
109,C'WEALTH CRES,1.30725,103.79894
68,C'WEALTH DR,1.29898,103.79608
15,GHIM MOH RD,1.30914,103.78842
5,BUANGKOK STH FARMWAY 1,,
1,SELETAR WEST FARMWAY 6,1.39789,103.86215
2,SELETAR WEST FARMWAY 6,1.39135,103.86813
4,LOR LEW LIAN,1.35026,103.87649
306,SERANGOON AVE 2,1.35417,103.86689
104,SERANGOON NTH AVE 1,1.37059,103.87109
229,SERANGOON AVE 4,1.35598,103.87028
118,SERANGOON NTH AVE 1,1.3676,103.87092
122,SERANGOON NTH AVE 1,1.36669,103.87136
307,SERANGOON AVE 2,1.35463,103.86707
231,SERANGOON AVE 3,1.35502,103.86837
239,SERANGOON AVE 2,1.35319,103.86869
238,SERANGOON AVE 2,1.35355,103.86901
317,SERANGOON AVE 2,1.35261,103.86622
408,TAMPINES ST 41,1.35878,103.94527
417,TAMPINES ST 41,1.35878,103.94728
206,TAMPINES ST 21,1.35086,103.95235
139,TAMPINES ST 11,1.34616,103.94451
909,TAMPINES AVE 4,1.3502,103.93941
276,TAMPINES ST 22,1.34744,103.95062
930,TAMPINES ST 91,1.34596,103.93961
213,TAMPINES ST 23,1.3548,103.95394
208,TAMPINES ST 21,1.3512,103.95306
107,TAMPINES ST 11,1.34836,103.94816
915,TAMPINES ST 91,1.34861,103.93956
911,TAMPINES ST 91,1.34983,103.93957
931,TAMPINES ST 91,1.34587,103.93911
448,TAMPINES ST 42,1.35741,103.951
449,TAMPINES ST 42,1.35702,103.95105
230,TAMPINES ST 24,1.35593,103.95275
419,TAMPINES ST 41,1.35783,103.94673
423,TAMPINES ST 41,1.35707,103.9476
815,TAMPINES AVE 4,1.34735,103.93741
260,TAMPINES ST 21,1.35464,103.9501
107,LOR 1 TOA PAYOH,1.34123,103.84729
108,LOR 1 TOA PAYOH,1.34155,103.8473
124,LOR 1 TOA PAYOH,1.33865,103.84463
18,LOR 7 TOA PAYOH,1.33576,103.85679
85,LOR 4 TOA PAYOH,1.33629,103.84843
185,TOA PAYOH CTRL,1.33273,103.84999
203,TOA PAYOH NTH,1.34205,103.8494
194,KIM KEAT AVE,1.33094,103.85818
104,POTONG PASIR AVE 1,1.33434,103.86916
47,LOR 6 TOA PAYOH,1.33691,103.85403
217,LOR 8 TOA PAYOH,1.34266,103.85467
2A,WOODLANDS CTR RD,,
148,WOODLANDS ST 13,1.43576,103.77403
172,WOODLANDS ST 13,1.43399,103.77749
215,MARSILING LANE,1.44761,103.77206
731,YISHUN ST 72,1.42835,103.83112
125,YISHUN ST 11,1.43395,103.83044
214,YISHUN ST 21,1.43145,103.83632
124,YISHUN ST 11,1.43459,103.83114
255,YISHUN RING RD,1.43432,103.84069
278,YISHUN ST 22,1.43831,103.83823
754,YISHUN ST 72,1.42689,103.83407
749,YISHUN ST 72,1.42838,103.83411
139,YISHUN RING RD,1.43166,103.83132
236,YISHUN RING RD,1.43417,103.839
269,YISHUN ST 22,1.43713,103.84033
155,YISHUN ST 11,1.43189,103.83426
805,YISHUN RING RD,1.41743,103.83159
475,ANG MO KIO AVE 10,1.36266,103.85652
533,ANG MO KIO AVE 5,1.37417,103.853
113,ANG MO KIO AVE 4,1.37179,103.83597
325,ANG MO KIO AVE 3,1.3679,103.84689
449,ANG MO KIO AVE 10,1.36786,103.85605
537,ANG MO KIO AVE 5,1.3752,103.85306
634,ANG MO KIO AVE 6,1.38158,103.84327
132,ANG MO KIO AVE 3,1.37145,103.84178
618,BEDOK RESERVOIR RD,1.33302,103.91704
92,BEDOK NTH AVE 4,1.33244,103.9413
113,BEDOK RESERVOIR RD,1.32997,103.91078
121,BEDOK RESERVOIR RD,1.33131,103.90999
35,CHAI CHEE AVE,1.32482,103.92626
717,BEDOK RESERVOIR RD,1.33755,103.92545
119,BEDOK NTH RD,1.33019,103.93872
163,BEDOK STH RD,1.31973,103.94663
405,BEDOK NTH AVE 3,1.32871,103.9341
711,BEDOK RESERVOIR RD,1.33597,103.92369
52,CHAI CHEE ST,1.3287,103.92095
55,NEW UPP CHANGI RD,1.32509,103.94211
66,BEDOK STH AVE 3,1.31849,103.94387
112,BEDOK NTH RD,1.33105,103.93554
115,BEDOK RESERVOIR RD,1.33067,103.90874
25,SIN MING RD,1.35489,103.83819
265,BT BATOK EAST AVE 4,1.35001,103.75986
316,BT BATOK ST 32,1.36058,103.74683
250,BT BATOK EAST AVE 5,1.35106,103.75708
106,BT BATOK CTRL,1.34822,103.74719
174,BT BATOK WEST AVE 8,1.34565,103.74105
252,BT BATOK EAST AVE 5,1.35047,103.75724
322,BT BATOK ST 33,1.36167,103.74773
363,BT BATOK ST 31,1.36101,103.74945
324,BT BATOK ST 33,1.36216,103.74763
203,BT BATOK ST 21,1.34733,103.74899
222,BT BATOK EAST AVE 3,1.34785,103.75403
138,JLN BT MERAH,1.27842,103.82624
138,ALEXANDRA RD,1.29142,103.81964
142,TIONG BAHRU RD,,
86,REDHILL CL,1.28692,103.81867
91,ZION RD,,
27,TELOK BLANGAH WAY,1.27447,103.82147
50,TELOK BLANGAH DR,1.27309,103.81014
8,JLN RUMAH TINGGI,1.28858,103.80787
111,BT PURMEI RD,1.2744,103.82724
110,SPOTTISWOODE PK RD,1.27364,103.83642
103,SPOTTISWOODE PK RD,1.27466,103.83528
21,OUTRAM PK,,
4,ROCHOR RD,,
3,ROCHOR RD,,
53,CHIN SWEE RD,1.28762,103.84146
637,VEERASAMY RD,1.30703,103.85553
351,CLEMENTI AVE 2,1.31535,103.77086
341,CLEMENTI AVE 5,1.31912,103.76906
514,WEST COAST RD,1.30897,103.75923
4,HAIG RD,1.3121,103.89719
53,SIMS PL,1.31782,103.88008
318,UBI AVE 1,1.32846,103.90327
7,HAIG RD,1.31381,103.89691
125,GEYLANG EAST AVE 1,1.31744,103.88637
247,HOUGANG AVE 3,1.35917,103.89152
401,HOUGANG AVE 10,1.37484,103.89699
412,HOUGANG AVE 10,1.3747,103.89537
704,HOUGANG AVE 2,1.36492,103.88938
253,HOUGANG AVE 3,1.36043,103.89221
703,HOUGANG AVE 2,1.36553,103.88946
628,HOUGANG AVE 8,1.36956,103.88051
35,TEBAN GDNS RD,1.31955,103.74264
36,TEBAN GDNS RD,1.31997,103.74274
330,JURONG EAST AVE 1,1.35055,103.73003
301,JURONG EAST ST 32,1.34404,103.7355
261,JURONG EAST ST 24,1.3445,103.7404
338,JURONG EAST AVE 1,1.35022,103.73126
409,PANDAN GDNS,1.31851,103.74737
48,TEBAN GDNS RD,1.3205,103.73997
226,JURONG EAST ST 21,1.3414,103.73584
406,JURONG WEST ST 42,1.35431,103.7224
541,JURONG WEST AVE 1,1.35104,103.71598
533,JURONG WEST ST 52,1.34891,103.71646
522,JURONG WEST ST 52,1.34645,103.71666
523,JURONG WEST ST 52,1.34676,103.71616
404,JURONG WEST ST 42,1.35392,103.72251
549,JURONG WEST ST 42,1.35291,103.71607
472,JURONG WEST ST 41,1.34812,103.72249
471,JURONG WEST ST 41,1.34849,103.72216
7,JLN BATU,1.30237,103.8836
93,WHAMPOA DR,1.32228,103.8548
47,BENDEMEER RD,1.3234,103.86681
14,ST. GEORGE'S RD,1.32373,103.86209
4,JLN BATU,1.30186,103.88405
5,JLN BATU,1.39153,103.75727
94,WHAMPOA DR,1.32198,103.85575
99,WHAMPOA DR,1.32081,103.8538
9,ST. GEORGE'S RD,1.32372,103.863
18,ST. GEORGE'S RD,1.32406,103.86283
11,JLN BATU,1.3017,103.88258
108,JLN RAJAH,1.32839,103.85575
46,MARINE CRES,1.3051,103.91266
29,MARINE CRES,1.30285,103.9132
42,TANGLIN HALT RD,1.29847,103.79858
39A,C'WEALTH AVE,,
168,STIRLING RD,1.29002,103.80319
67,C'WEALTH DR,1.2988,103.79626
41,TANGLIN HALT RD,1.29823,103.79859
23B,QUEEN'S CL,1.29407,103.80003
31,DOVER RD,,
5,SEMBAWANG RD,1.44134,103.82241
110,SERANGOON NTH AVE 1,1.36938,103.87141
235,SERANGOON AVE 3,1.35511,103.86993
101,SERANGOON NTH AVE 1,1.37104,103.87036
308,SERANGOON AVE 2,1.35418,103.86597
236,SERANGOON AVE 3,1.35424,103.86982
225,TAMPINES ST 23,1.35516,103.95401
806,TAMPINES AVE 4,1.34554,103.93688
837,TAMPINES ST 83,1.35089,103.93446
290,TAMPINES ST 22,1.34988,103.9546
296,TAMPINES ST 22,1.35099,103.95548
122,SIMEI ST 1,1.34557,103.9525
857,TAMPINES ST 83,1.3543,103.9359
186,TOA PAYOH CTRL,1.33265,103.85021
207,TOA PAYOH NTH,1.34238,103.8456
89,LOR 2 TOA PAYOH,,
118,POTONG PASIR AVE 1,1.33548,103.86265
4,UPP ALJUNIED LANE,1.33355,103.87907
72,LOR 5 TOA PAYOH,1.33388,103.85207
214,LOR 8 TOA PAYOH,1.34183,103.85437
224,LOR 8 TOA PAYOH,1.34118,103.85607
132,POTONG PASIR AVE 1,1.33418,103.86561
129,MARSILING RISE,1.43781,103.7787
152,WOODLANDS ST 13,1.43507,103.77423
27,MARSILING DR,1.44228,103.77417
118,YISHUN RING RD,1.43599,103.82864
707,YISHUN AVE 5,1.42893,103.82772
735,YISHUN ST 72,1.42892,103.83124
746,YISHUN ST 72,1.42892,103.83348
202,YISHUN ST 21,1.43066,103.83733
133,YISHUN ST 11,1.43256,103.83078
227,YISHUN ST 21,1.43507,103.83664
253,YISHUN RING RD,1.43507,103.8408
228,YISHUN ST 21,1.43534,103.83752
230,YISHUN ST 21,1.43458,103.83662
246,YISHUN AVE 9,1.43509,103.84269
256,YISHUN RING RD,1.43409,103.83998
119,ANG MO KIO AVE 3,1.36956,103.8447
649,ANG MO KIO AVE 5,1.37776,103.84378
540,ANG MO KIO AVE 10,1.37529,103.85545
635,ANG MO KIO AVE 6,1.38077,103.84238
153,ANG MO KIO AVE 5,1.37636,103.84206
327,ANG MO KIO AVE 3,1.36705,103.84699
413,ANG MO KIO AVE 10,1.36353,103.85368
426,ANG MO KIO AVE 3,1.36948,103.85331
636,ANG MO KIO AVE 6,1.38115,103.84331
151,ANG MO KIO AVE 5,1.37671,103.84117
74,BEDOK NTH RD,1.32751,103.94222
108,BEDOK NTH RD,1.33274,103.93622
409,BEDOK NTH AVE 2,1.3281,103.93294
410,BEDOK NTH AVE 2,1.32789,103.93184
553,BEDOK NTH AVE 1,1.33149,103.92782
552,BEDOK NTH AVE 1,1.3319,103.92774
601,BEDOK RESERVOIR RD,1.33007,103.91162
104,BEDOK RESERVOIR RD,1.32925,103.90992
101,BEDOK RESERVOIR RD,1.32845,103.90994
131,BEDOK RESERVOIR RD,1.33312,103.91171
306,SHUNFU RD,1.35029,103.8393
247,BT BATOK EAST AVE 5,1.34993,103.75698
341,BT BATOK ST 34,1.3628,103.74916
241,BT BATOK EAST AVE 5,1.3509,103.75454
255,BT BATOK EAST AVE 4,1.35015,103.75847
259,BT BATOK EAST AVE 4,1.35086,103.75976
367,BT BATOK ST 31,1.36033,103.74969
302,BT BATOK ST 31,1.35712,103.74842
263,BT BATOK EAST AVE 4,1.35029,103.75909
233,BT BATOK EAST AVE 5,1.34883,103.75513
360,BT BATOK ST 31,1.36107,103.75063
113,JLN BT MERAH,1.28028,103.82572
14,TAMAN HO SWEE,1.2879,103.8322
24,BEO CRES,1.28853,103.82846
47,TELOK BLANGAH DR,1.27204,103.8101
10,TELOK BLANGAH CRES,1.27773,103.81977
161,BT MERAH CTRL,1.28391,103.81601
27,LIM LIAK ST,1.28544,103.83084
56,TELOK BLANGAH HTS,1.27425,103.81243
8,KIM TIAN PL,1.28303,103.82724
49,TELOK BLANGAH DR,1.2722,103.81106
67,TELOK BLANGAH DR,1.27464,103.80963
109,SPOTTISWOODE PK RD,1.27403,103.83665
9,JLN KUKOH,1.28767,103.83886
434,CLEMENTI AVE 3,1.31457,103.76161
376,CLEMENTI AVE 4,1.3181,103.76669
202,CLEMENTI AVE 6,1.32069,103.76271
52,SIMS PL,1.31667,103.88039
93,PAYA LEBAR WAY,1.32273,103.8881
20,BALAM RD,1.33083,103.88751
15,EUNOS CRES,1.32386,103.90336
7,HOUGANG AVE 3,1.36233,103.89351
102,HOUGANG AVE 1,1.35496,103.89086
240,HOUGANG ST 22,1.35642,103.89065
415,HOUGANG AVE 10,1.37518,103.89654
101,HOUGANG AVE 1,1.35494,103.89136
336,HOUGANG AVE 7,1.3693,103.89835
708,HOUGANG AVE 2,1.36669,103.88909
230,HOUGANG AVE 1,1.3589,103.88835
245,JURONG EAST ST 24,1.34168,103.74178
47,TEBAN GDNS RD,1.32013,103.73989
204,JURONG EAST ST 21,1.33719,103.74194
473,JURONG WEST ST 41,1.34883,103.72273
460,JURONG WEST ST 41,1.34992,103.72069
552,JURONG WEST ST 42,1.35275,103.71776
548,JURONG WEST ST 42,1.35367,103.7161
76,LOR LIMAU,1.32502,103.85423
61,JLN TENTERAM,1.32797,103.85757
466,CRAWFORD LANE,1.30508,103.8626
76,MARINE DR,1.30294,103.90774
17,MARINE TER,1.30377,103.91418
38,DOVER RD,,
5,DOVER CRES,1.30406,103.78264
112,C'WEALTH CRES,1.30662,103.79818
8,GHIM MOH RD,1.31057,103.78764
21,HOLLAND DR,1.31098,103.79238
112,SERANGOON NTH AVE 1,1.3692,103.87159
124,SERANGOON NTH AVE 1,1.36619,103.87142
220,SERANGOON AVE 4,1.35874,103.87223
444,TAMPINES ST 42,1.35834,103.95138
854,TAMPINES ST 82,1.35303,103.93658
406,TAMPINES ST 41,1.35783,103.94579
158,TAMPINES ST 12,1.35141,103.94586
140,TAMPINES ST 12,1.34773,103.94412
256,TAMPINES ST 21,1.35324,103.94995
288,TAMPINES ST 22,1.34885,103.9547
165,TAMPINES ST 12,1.34926,103.94586
112,LOR 1 TOA PAYOH,1.34155,103.84549
3,LOR 7 TOA PAYOH,1.3392,103.85445
34,LOR 5 TOA PAYOH,1.3348,103.85416
158,LOR 1 TOA PAYOH,1.33143,103.84512
202,TOA PAYOH NTH,1.34153,103.84959
13,JOO SENG RD,1.33577,103.8793
157,WOODLANDS ST 13,1.43438,103.77478
177,WOODLANDS ST 13,1.43436,103.77809
334,WOODLANDS ST 32,1.43004,103.78045
216,MARSILING LANE,1.44713,103.77217
747,YISHUN ST 72,1.42823,103.83349
286,YISHUN AVE 6,1.44004,103.83874
738,YISHUN ST 72,1.42937,103.83247
201,YISHUN ST 21,1.43065,103.838
157,YISHUN ST 11,1.43222,103.83409
244,YISHUN RING RD,1.43374,103.84126
261,YISHUN ST 22,1.43531,103.83861
768,YISHUN AVE 3,1.42436,103.83394
109,YISHUN RING RD,1.4328,103.82865
757,YISHUN ST 72,1.42651,103.83428
352,YISHUN RING RD,1.42646,103.84491
215,ANG MO KIO AVE 1,1.36656,103.84162
218,ANG MO KIO AVE 1,1.36512,103.84174
468,ANG MO KIO AVE 10,1.36488,103.85629
205,ANG MO KIO AVE 1,1.36694,103.84358
303,ANG MO KIO AVE 1,1.36665,103.84525
131,ANG MO KIO AVE 3,1.37102,103.8418
467,ANG MO KIO AVE 10,1.36539,103.8568
472,ANG MO KIO AVE 10,1.36314,103.85812
562,ANG MO KIO AVE 3,1.37018,103.85902
553,ANG MO KIO AVE 10,1.3726,103.85723
306,ANG MO KIO AVE 1,1.36573,103.84575
617,BEDOK RESERVOIR RD,1.33313,103.91651
509,BEDOK NTH ST 3,1.33318,103.93127
521,BEDOK NTH AVE 1,1.33025,103.92706
214,BEDOK NTH ST 1,1.32588,103.93249
704,BEDOK RESERVOIR RD,1.33635,103.9202
109,BEDOK RESERVOIR RD,1.32963,103.9099
116,BEDOK RESERVOIR RD,1.33104,103.90864
428,BEDOK NTH RD,1.32954,103.92765
627,BEDOK RESERVOIR RD,1.33396,103.9156
108,BEDOK RESERVOIR RD,1.33023,103.90939
107,BEDOK RESERVOIR RD,1.32987,103.90922
406,BEDOK NTH AVE 3,1.32823,103.93447
63,CHAI CHEE RD,1.32607,103.92145
721,BEDOK RESERVOIR RD,1.33629,103.9261
405,SIN MING AVE,1.36285,103.83474
404,SIN MING AVE,1.36266,103.83427
523,BT BATOK ST 52,1.3567,103.75231
131,BT BATOK WEST AVE 6,1.35073,103.74626
264,BT BATOK EAST AVE 4,1.34991,103.75904
346,BT BATOK ST 34,1.36247,103.75056
148,BT BATOK WEST AVE 6,1.34928,103.74386
238,BT BATOK EAST AVE 5,1.34983,103.75474
312,BT BATOK ST 32,1.35988,103.74734
364,BT BATOK ST 31,1.36066,103.74932
361,BT BATOK ST 31,1.36073,103.75094
368,BT BATOK ST 31,1.36038,103.75092
201,BT BATOK ST 21,1.34586,103.74791
101,BT BATOK WEST AVE 6,1.34671,103.74692
170,BT BATOK WEST AVE 8,1.34656,103.7401
266,BT BATOK EAST AVE 4,1.34936,103.76002
144,BT BATOK WEST AVE 6,1.35004,103.74424
212,BT BATOK ST 21,1.34719,103.75222
245,BT BATOK EAST AVE 5,1.34965,103.75733
306,BT BATOK ST 31,1.35829,103.74752
370,BT BATOK ST 31,1.35996,103.74931
31,TELOK BLANGAH RISE,1.2724,103.82083
131,JLN BT MERAH,1.28019,103.82818
108,BT PURMEI RD,1.27336,103.82535
77,TELOK BLANGAH DR,1.27394,103.80882
142,JLN BT MERAH,1.27701,103.82806
17,REDHILL CL,,
2,REDHILL CL,,
107,JLN BT MERAH,1.27984,103.82476
29,LIM LIAK ST,1.28538,103.8304
43,MOH GUAN TER,1.28467,103.83105
3,DELTA AVE,1.2917,103.82733
52,LENGKOK BAHRU,1.28849,103.81335
117,BT MERAH CTRL,1.28365,103.81541
9,JLN RUMAH TINGGI,1.28882,103.80821
53,TELOK BLANGAH DR,1.2743,103.81143
52,TELOK BLANGAH DR,1.27385,103.81125
74,TELOK BLANGAH HTS,1.27536,103.80878
2,QUEEN'S RD,1.3228,103.81102
635,VEERASAMY RD,1.30659,103.85522
1,ROCHOR RD,1.30302,103.85304
5,TECK WHYE AVE,1.38211,103.75357
3,TECK WHYE AVE,1.38248,103.75253
25,TECK WHYE LANE,1.37799,103.75519
321,CLEMENTI AVE 5,1.312,103.76499
430,CLEMENTI AVE 3,1.31329,103.76255
332,CLEMENTI AVE 2,1.31474,103.76749
613,CLEMENTI WEST ST 1,1.30374,103.76784
357,CLEMENTI AVE 2,1.31408,103.7692
59,CIRCUIT RD,1.32525,103.88676
60,CIRCUIT RD,1.32555,103.88653
50,CIRCUIT RD,1.32488,103.88557
327,UBI AVE 1,1.3269,103.904
104,ALJUNIED CRES,1.32007,103.88282
107,ALJUNIED CRES,1.31896,103.88429
10,PINE CL,1.30915,103.88224
54,PIPIT RD,1.32386,103.88759
319,UBI AVE 1,1.32827,103.90359
110,ALJUNIED CRES,1.31998,103.88444
415,EUNOS RD 5,1.31823,103.89785
623,HOUGANG AVE 8,1.37051,103.88232
112,HOUGANG AVE 1,1.35442,103.88856
118,HOUGANG AVE 1,1.35346,103.88749
701,HOUGANG AVE 2,1.36548,103.8902
702,HOUGANG AVE 2,1.36576,103.88972
332,HOUGANG AVE 5,1.36841,103.89782
236,HOUGANG AVE 1,1.35782,103.88894
143,LOR AH SOO,1.35223,103.88284
603,HOUGANG AVE 4,1.37144,103.88585
602,HOUGANG AVE 4,1.37123,103.88692
709,HOUGANG AVE 2,1.36706,103.88808
706,HOUGANG AVE 2,1.36596,103.88865
408,HOUGANG AVE 10,1.37318,103.89526
238,HOUGANG AVE 1,,
235,HOUGANG ST 21,1.35715,103.88856
412,PANDAN GDNS,,
303,JURONG EAST ST 32,,
217,JURONG EAST ST 21,,
219,JURONG EAST ST 21,,
44,TEBAN GDNS RD,,
238,JURONG EAST ST 21,,
263,JURONG EAST ST 24,,
332,JURONG EAST AVE 1,,
7,YUNG KUANG RD,,
479,JURONG WEST ST 41,,
538,JURONG WEST AVE 1,,
546,JURONG WEST ST 42,,
466,JURONG WEST ST 41,,
421,JURONG WEST ST 42,,
529,JURONG WEST ST 52,,
467,NTH BRIDGE RD,,
804,KING GEORGE'S AVE,,
102,TOWNER RD,,
107,JLN RAJAH,,
55,GEYLANG BAHRU,,
34,MARINE CRES,,
28,MARINE CRES,,
95,C'WEALTH DR,,
158,MEI LING ST,,
170,STIRLING RD,,
87,C'WEALTH CL,,
85,C'WEALTH CL,,
92,C'WEALTH DR,,
94,C'WEALTH DR,,
64,C'WEALTH DR,,
75,C'WEALTH DR,,
10,HOLLAND AVE,,
168A,QUEENSWAY,,
27,DOVER CRES,,
107,SERANGOON NTH AVE 1,1.3699,103.87022
222,SERANGOON AVE 4,,
237,SERANGOON AVE 3,,
410,TAMPINES ST 41,,
101,TAMPINES ST 11,,
807,TAMPINES AVE 4,,
852,TAMPINES ST 82,,
284,TAMPINES ST 22,,
241,TAMPINES ST 21,,
239,TAMPINES ST 21,,
415,TAMPINES ST 41,,
254,TAMPINES ST 21,,
143,TAMPINES ST 12,,
142,TAMPINES ST 12,,
127,TAMPINES ST 11,,
231,LOR 8 TOA PAYOH,,
110,LOR 1 TOA PAYOH,,
118,LOR 1 TOA PAYOH,,
167,LOR 1 TOA PAYOH,,
184,TOA PAYOH CTRL,,
109,POTONG PASIR AVE 1,,
3,UPP ALJUNIED LANE,,
201,TOA PAYOH NTH,,
119,POTONG PASIR AVE 1,,
12,JOO SENG RD,,
131,POTONG PASIR AVE 1,,
125,POTONG PASIR AVE 1,,
151,WOODLANDS ST 13,,
149,WOODLANDS ST 13,,
101,WOODLANDS ST 13,,
106,WOODLANDS ST 13,,
103,WOODLANDS ST 13,,
333,WOODLANDS ST 32,,
120,MARSILING RISE,,
123,MARSILING RISE,,
9,MARSILING DR,,
745,YISHUN ST 72,,
208,YISHUN ST 21,,
206,YISHUN ST 21,,
122,YISHUN ST 11,,
147,YISHUN ST 11,,
251,YISHUN RING RD,,
718,YISHUN ST 71,,
771,YISHUN AVE 3,,
766,YISHUN AVE 3,,
773,YISHUN AVE 3,,
213,YISHUN ST 21,,
232,YISHUN ST 21,,
272,YISHUN ST 22,,
289,YISHUN AVE 6,,
755,YISHUN ST 72,,
758,YISHUN ST 72,,
724,YISHUN ST 71,,
643,YISHUN ST 61,,
281,YISHUN ST 22,,
321,ANG MO KIO AVE 1,,
114,ANG MO KIO AVE 4,,
452,ANG MO KIO AVE 10,,
577,ANG MO KIO AVE 10,,
554,ANG MO KIO AVE 10,,
207,ANG MO KIO AVE 1,,
311,ANG MO KIO AVE 3,,
437,ANG MO KIO AVE 10,,
123,BEDOK NTH ST 2,,
542,BEDOK NTH ST 3,,
546,BEDOK NTH ST 3,,
619,BEDOK RESERVOIR RD,,
44,BEDOK STH RD,,
720,BEDOK RESERVOIR RD,,
624,BEDOK RESERVOIR RD,,
147,BEDOK RESERVOIR RD,,
516,BEDOK NTH AVE 2,,
60,NEW UPP CHANGI RD,,
155,BEDOK STH AVE 3,,
162,BEDOK STH RD,,
302,SHUNFU RD,,
109,BISHAN ST 12,,
108,BISHAN ST 12,,
340,BT BATOK ST 34,,
304,BT BATOK ST 31,,
318,BT BATOK ST 32,,
267,BT BATOK EAST AVE 4,,
271,BT BATOK EAST AVE 4,,
114,BT BATOK WEST AVE 6,,
173,BT BATOK WEST AVE 8,,
268,BT BATOK EAST AVE 4,,
323,BT BATOK ST 33,,
333,BT BATOK ST 32,,
6,REDHILL CL,,
20,JLN KLINIK,,
37,LIM LIAK ST,,
149,SILAT AVE,,
4,DELTA AVE,,
116,BT MERAH CTRL,,
37,TELOK BLANGAH RISE,,
8,TG PAGAR PLAZA,,
233,BAIN ST,,
11,TECK WHYE LANE,,
335,CLEMENTI AVE 2,,
712,CLEMENTI WEST ST 2,,
377,CLEMENTI AVE 5,,
605,CLEMENTI WEST ST 1,,
356,CLEMENTI AVE 2,,
111,ALJUNIED CRES,,
338,UBI AVE 1,,
345,UBI AVE 1,,
344,UBI AVE 1,,
339,UBI AVE 1,,
341,UBI AVE 1,,
126,ALJUNIED RD,,
842,SIMS AVE,,
332,UBI AVE 1,,
53,PIPIT RD,,
620,HOUGANG AVE 8,,
661,HOUGANG AVE 4,,
608,HOUGANG AVE 4,,
606,HOUGANG AVE 4,,
413,HOUGANG AVE 10,,
605,HOUGANG AVE 4,,
601,HOUGANG AVE 4,,
607,HOUGANG AVE 4,,
407,HOUGANG AVE 10,,
113,JURONG EAST ST 13,,
30,TEBAN GDNS RD,,
111,JURONG EAST ST 13,,
311,JURONG EAST ST 32,,
414,JURONG WEST ST 42,,
542,JURONG WEST AVE 1,,
453,JURONG WEST ST 42,,
410,JURONG WEST ST 42,,
7,ST. GEORGE'S LANE,1.3237,103.85906
74,WHAMPOA DR,,
10,UPP BOON KENG RD,,
32,JLN BAHAGIA,,
58,JLN MA'MOR,,
95,WHAMPOA DR,,
19,ST. GEORGE'S RD,,
10,JLN BATU,,
106,JLN RAJAH,,
58,MARINE TER,,
15,HOLLAND DR,,
19,HOLLAND DR,,
110,C'WEALTH CRES,,
61,C'WEALTH DR,,
14,GHIM MOH RD,,
243,SERANGOON AVE 2,,
208,SERANGOON CTRL,,
411,TAMPINES ST 41,,
424,TAMPINES ST 41,,
468,TAMPINES ST 44,,
422,TAMPINES ST 41,,
465,TAMPINES ST 44,,
803,TAMPINES AVE 4,,
401,TAMPINES ST 41,,
459,TAMPINES ST 42,,
842,TAMPINES ST 82,,
440,TAMPINES ST 43,,
937,TAMPINES AVE 5,,
228,LOR 8 TOA PAYOH,,
179,TOA PAYOH CTRL,,
140,POTONG PASIR AVE 3,,
122,POTONG PASIR AVE 1,,
28,MARSILING DR,,
201,MARSILING DR,,
110,WOODLANDS ST 13,,
283,YISHUN AVE 6,,
224,YISHUN ST 21,,
132,YISHUN ST 11,,
762,YISHUN ST 72,,
257,YISHUN RING RD,,
739,YISHUN AVE 5,,
140,YISHUN RING RD,,
260,YISHUN ST 22,,
268,YISHUN ST 22,,
725,YISHUN ST 71,,
110,YISHUN RING RD,,
774,YISHUN AVE 3,,
730,YISHUN ST 71,,
760,YISHUN ST 72,,
322,ANG MO KIO AVE 3,,
181,ANG MO KIO AVE 5,,
512,BEDOK NTH AVE 2,,
414,BEDOK NTH AVE 2,,
183,BISHAN ST 13,,
179,BISHAN ST 13,,
163,BISHAN ST 13,,
272,BT BATOK EAST AVE 4,,
327,BT BATOK ST 33,,
331,BT BATOK ST 33,,
336,BT BATOK ST 32,,
366,BT BATOK ST 31,,
326,BT BATOK ST 33,,
113,BT MERAH VIEW,,
23,KG BAHRU HILL,,
9,REDHILL CL,,
269A,QUEEN ST,,
328,CLEMENTI AVE 2,,
445,CLEMENTI AVE 3,,
375,CLEMENTI AVE 4,,
117,CLEMENTI ST 13,,
9,HAIG RD,,
17,EUNOS CRES,,
54,CASSIA CRES,,
347,UBI AVE 1,,
11,HAIG RD,,
348,UBI AVE 1,,
330,UBI AVE 1,,
844,SIMS AVE,,
6,HOUGANG AVE 3,,
122,HOUGANG AVE 1,,
405,HOUGANG AVE 10,,
313,JURONG EAST ST 32,,
116,JURONG EAST ST 13,,
234,JURONG EAST ST 21,,
309,JURONG EAST ST 32,,
524,JURONG WEST ST 52,,
557,JURONG WEST ST 42,,
23,BENDEMEER RD,,
63,KALLANG BAHRU,,
97,GEYLANG BAHRU,,
42,JLN BAHAGIA,,
10,ST. GEORGE'S RD,,
102,JLN DUSUN,,
48A,DORSET RD,,
51,TANGLIN HALT RD,,
203,SERANGOON CTRL,,
234,SERANGOON AVE 3,,
245,SERANGOON AVE 2,,
209,SERANGOON CTRL,,
205,SERANGOON CTRL,,
246,SERANGOON AVE 3,,
105,TAMPINES ST 11,,
469,TAMPINES ST 44,,
223,TAMPINES ST 24,,
443,TAMPINES ST 43,,
470,TAMPINES ST 44,,
428,TAMPINES ST 41,,
20,LOR 7 TOA PAYOH,,
83,LOR 2 TOA PAYOH,,
92,LOR 4 TOA PAYOH,,
218,MARSILING CRES,,
26,MARSILING DR,,
108,WOODLANDS ST 13,,
734,YISHUN AVE 5,,
135,YISHUN ST 11,,
263,YISHUN ST 22,,
778,YISHUN AVE 2,,
720,YISHUN ST 71,,
288,YISHUN AVE 6,,
277,YISHUN ST 22,,
547,ANG MO KIO AVE 10,,
511,ANG MO KIO AVE 8,,
39,BEDOK STH RD,,
520,BEDOK NTH AVE 1,,
549,BEDOK NTH AVE 1,,
158,BEDOK STH AVE 3,,
623,BEDOK RESERVOIR RD,,
118,BEDOK RESERVOIR RD,,
170,BEDOK STH RD,1.32072,103.94611
311,SHUNFU RD,1.35088,103.83934
113,BISHAN ST 12,1.34723,103.84881
106,BISHAN ST 12,1.3461,103.84785
193,BISHAN ST 13,1.34867,103.85098
197,BISHAN ST 13,1.3491,103.85067
118,BT BATOK WEST AVE 6,1.35001,103.7465
315,BT BATOK ST 32,1.3601,103.74656
234,BT BATOK EAST AVE 5,1.34914,103.75543
369,BT BATOK ST 31,1.36003,103.75107
362,BT BATOK ST 31,1.36092,103.74995
1,DELTA AVE,1.29208,103.82858
2,DELTA AVE,1.29173,103.82803
113,DEPOT RD,1.28142,103.80729
4,TG PAGAR PLAZA,1.27591,103.84274
12,TECK WHYE LANE,1.37946,103.75567
349,CLEMENTI AVE 2,1.31596,103.77105
606,CLEMENTI WEST ST 1,1.30485,103.76799
104,CLEMENTI ST 14,1.32295,103.76919
4,JOO CHIAT RD,1.31541,103.89894
8,HAIG RD,1.31367,103.89607
346,UBI AVE 1,1.32598,103.89967
311,UBI AVE 1,1.32994,103.9033
322,UBI AVE 1,1.32791,103.90483
336,UBI AVE 1,1.32572,103.90182
123,PAYA LEBAR WAY,1.32276,103.88324
119,HOUGANG AVE 1,1.35401,103.88775
322,HOUGANG AVE 5,1.3671,103.89698
130,LOR AH SOO,1.35128,103.88649
120,HOUGANG AVE 1,1.35442,103.88746
355,HOUGANG AVE 7,1.37188,103.89824
507,HOUGANG AVE 8,1.37241,103.88761
707,HOUGANG AVE 2,1.36628,103.88881
609,HOUGANG AVE 8,1.37025,103.88553
712,HOUGANG AVE 2,1.36588,103.88739
322A,JURONG EAST ST 31,1.34767,103.72893
465,JURONG WEST ST 41,1.35013,103.72321
467,JURONG WEST ST 41,1.34949,103.72255
40,JLN BAHAGIA,1.32729,103.85622
41,JLN BAHAGIA,1.32701,103.85657
64,JLN MA'MOR,1.32853,103.85785
17,ST. GEORGE'S RD,1.32391,103.86238
16,ST. GEORGE'S RD,1.32435,103.86236
4,LIM CHU KANG RD,1.42175,103.70458
56,STIRLING RD,1.2967,103.80427
201,SERANGOON CTRL,1.35098,103.8736
206,SERANGOON CTRL,1.35348,103.87339
264,TAMPINES ST 21,1.3528,103.95115
929,TAMPINES ST 91,1.34639,103.93961
463,TAMPINES ST 44,1.35924,103.95464
801,TAMPINES AVE 4,1.34719,103.93801
227,TAMPINES ST 23,1.35471,103.955
830,TAMPINES ST 82,1.34984,103.93482
438,TAMPINES ST 43,1.36031,103.95159
214,TAMPINES ST 23,1.35466,103.95353
462,TAMPINES ST 44,1.35901,103.95511
856,TAMPINES ST 82,1.35344,103.93656
429,TAMPINES ST 41,1.35909,103.94977
119,LOR 1 TOA PAYOH,1.33911,103.84469
143,POTONG PASIR AVE 2,1.33291,103.86617
129,POTONG PASIR AVE 1,1.33476,103.86554
11,MARSILING DR,1.44039,103.77794
226,YISHUN ST 21,1.43443,103.83617
243,YISHUN RING RD,1.43352,103.84063
764,YISHUN ST 72,1.42537,103.83398
270,YISHUN ST 22,1.43742,103.83998
744,YISHUN ST 72,1.42934,103.83405
235,YISHUN ST 21,1.43423,103.83854
249,YISHUN AVE 9,1.43524,103.84185
728,YISHUN ST 71,1.42579,103.83053
407,ANG MO KIO AVE 10,1.36191,103.85525
555,ANG MO KIO AVE 10,1.3712,103.85702
411,ANG MO KIO AVE 10,1.3634,103.85527
521,ANG MO KIO AVE 5,1.37357,103.85155
1,EAST COAST RD,1.31176,103.92311
531,BEDOK NTH ST 3,1.33313,103.92615
211,NEW UPP CHANGI RD,1.3255,103.93197
117,BEDOK RESERVOIR RD,1.33141,103.90869
171,BEDOK STH RD,1.3209,103.94543
172,BEDOK STH RD,1.32067,103.94469
156,BEDOK STH AVE 3,1.31829,103.94548
164,BEDOK STH RD,1.32012,103.94657
68,BEDOK STH AVE 3,1.31875,103.94336
114,BEDOK RESERVOIR RD,1.33056,103.90984
161,BEDOK STH AVE 3,1.31947,103.94578
145,BEDOK RESERVOIR RD,1.33429,103.91214
110,BISHAN ST 12,1.34741,103.84805
406,SIN MING AVE,1.36294,103.83409
408,SIN MING AVE,1.36335,103.83484
402,SIN MING AVE,1.36277,103.83276
339,BT BATOK ST 34,,
256,BT BATOK EAST AVE 4,,
253,BT BATOK EAST AVE 5,,
309,BT BATOK ST 31,,
261,BT BATOK EAST AVE 4,,
535,BT BATOK ST 52,,
109,BT PURMEI RD,,
1,EVERTON PK,,
5,REDHILL CL,,
72,REDHILL RD,,
49,KIM PONG RD,,
1,TIONG BAHRU RD,,
107,BT PURMEI RD,,
29,KELANTAN RD,,
535,UPP CROSS ST,,
512,WEST COAST DR,,
317,UBI AVE 1,,
631,HOUGANG AVE 8,,
619,HOUGANG AVE 8,,
333,HOUGANG AVE 5,,
705,HOUGANG AVE 2,,
615,HOUGANG AVE 8,,
250,JURONG EAST ST 24,,
223,JURONG EAST ST 21,,
544,JURONG WEST ST 42,,
429,JURONG WEST AVE 1,,
33,JLN BAHAGIA,,
45,JLN BAHAGIA,,
53,JLN MA'MOR,,
104,TOWNER RD,,
684,RACE COURSE RD,,
44,STIRLING RD,,
311,SERANGOON AVE 2,,
323,SERANGOON AVE 3,,
228,SERANGOON AVE 4,,
329,SERANGOON AVE 3,,
321,SERANGOON AVE 2,,
322,SERANGOON AVE 3,,
412,TAMPINES ST 41,,
211,TAMPINES ST 23,,
908,TAMPINES AVE 4,,
126,TAMPINES ST 11,,
414,TAMPINES ST 41,,
220,LOR 8 TOA PAYOH,,
273,YISHUN ST 22,,
274,YISHUN ST 22,,
266,YISHUN ST 22,,
152,YISHUN ST 11,,
113,YISHUN RING RD,,
123,YISHUN ST 11,,
239,YISHUN RING RD,,
765,YISHUN ST 72,,
719,YISHUN ST 71,,
120,YISHUN RING RD,,
713,YISHUN ST 71,,
804,YISHUN RING RD,,
265,YISHUN ST 22,,
204,ANG MO KIO AVE 3,,
3,EAST COAST RD,,
628,BEDOK RESERVOIR RD,,
24,NEW UPP CHANGI RD,,
167,BEDOK STH AVE 3,,
407,SIN MING AVE,,
115,BISHAN ST 12,,
122,BISHAN ST 12,,
116,BISHAN ST 12,,
131,BISHAN ST 12,,
337,BT BATOK ST 34,,
325,BT BATOK ST 33,,
32,TELOK BLANGAH RISE,,
89,ZION RD,,
16,REDHILL CL,,
18,REDHILL CL,,
21,REDHILL CL,,
103,BT PURMEI RD,,
334,KRETA AYER RD,,
25,EUNOS CRES,,
326,UBI AVE 1,,
334,UBI AVE 1,,
403,HOUGANG AVE 10,,
617,HOUGANG AVE 8,,
611,HOUGANG AVE 8,,
516,HOUGANG AVE 10,,
18,HOUGANG AVE 3,,
402,HOUGANG AVE 10,,
515,HOUGANG AVE 10,,
686,HOUGANG ST 61,,
409,HOUGANG AVE 10,,
249,JURONG EAST ST 24,,
112,JURONG EAST ST 13,,
200,BOON LAY DR,,
51,JLN BAHAGIA,,
683,TESSENSOHN RD,,
43,CAMBRIDGE RD,,
3,LOR LEW LIAN,,
313,SERANGOON AVE 2,,
325,SERANGOON AVE 3,,
241,SERANGOON AVE 3,,
207,SERANGOON CTRL,,
204,SERANGOON CTRL,,
319,SERANGOON AVE 2,,
405,TAMPINES ST 41,,
433,TAMPINES ST 43,,
461,TAMPINES ST 44,,
139,SIMEI ST 1,,
106,SIMEI ST 1,,
125,TAMPINES ST 11,,
2,UPP ALJUNIED LANE,,
226,LOR 8 TOA PAYOH,,
102,WOODLANDS ST 13,,
137,MARSILING RD,,
840,YISHUN ST 81,,
218,YISHUN ST 21,,
156,YISHUN ST 11,,
783,YISHUN RING RD,,
784,YISHUN AVE 2,,
750,YISHUN ST 72,,
112,YISHUN RING RD,,
770,YISHUN AVE 3,,
504,ANG MO KIO AVE 8,,
429,ANG MO KIO AVE 3,,
2,EAST COAST RD,,
701,BEDOK RESERVOIR RD,,
7,BEDOK STH AVE 2,,
65,NEW UPP CHANGI RD,,
421,BEDOK NTH RD,,
411,BEDOK NTH AVE 2,,
110,BEDOK RESERVOIR RD,,
135,BEDOK RESERVOIR RD,,
128,BEDOK RESERVOIR RD,,
2,CHAI CHEE RD,,
160,BEDOK STH AVE 3,,
111,BISHAN ST 12,,
105,BISHAN ST 12,,
107,BISHAN ST 12,,
123,BISHAN ST 12,,
528,BT BATOK ST 51,,
407,BT BATOK WEST AVE 4,,
420,BT BATOK WEST AVE 2,,
345,BT BATOK ST 34,,
537,BT BATOK ST 52,,
411,BT BATOK WEST AVE 4,,
226,BT BATOK CTRL,,
126,BT BATOK CTRL,,
232,BT BATOK EAST AVE 5,,
408,BT BATOK WEST AVE 4,,
342,BT BATOK ST 34,,
330,BT BATOK ST 33,,
38,BEO CRES,,
115,BT MERAH CTRL,,
143,JLN BT MERAH,,
343,CLEMENTI AVE 5,,
325,UBI AVE 1,,
24,BALAM RD,,
42,CASSIA CRES,,
333,UBI AVE 1,,
243,HOUGANG ST 22,,
509,HOUGANG AVE 10,,
510,HOUGANG AVE 10,,
411,HOUGANG AVE 10,,
711,HOUGANG AVE 2,,
621,HOUGANG AVE 8,,
230,JURONG EAST ST 21,,
495,JURONG WEST ST 41,,
903,JURONG WEST ST 91,,
835,JURONG WEST ST 81,,
685,RACE COURSE RD,,
100,WHAMPOA DR,,
682,RACE COURSE RD,,
106,JLN DUSUN,,
51,KENT RD,,
61,MARINE DR,,
154,MEI LING ST,,
57,STIRLING RD,,
324,SERANGOON AVE 3,,
330,SERANGOON AVE 3,,
332,SERANGOON AVE 3,,
407,TAMPINES ST 41,,
437,TAMPINES ST 43,,
853,TAMPINES ST 83,,
467,TAMPINES ST 44,,
840,TAMPINES ST 82,,
426,TAMPINES ST 41,,
427,TAMPINES ST 41,,
34,MARSILING DR,,
178,WOODLANDS ST 13,,
207,YISHUN ST 21,,
150,YISHUN ST 11,,
222,YISHUN ST 21,,
753,YISHUN ST 72,,
781,YISHUN RING RD,,
142,YISHUN RING RD,,
223,YISHUN ST 21,,
119,YISHUN RING RD,,
775,YISHUN RING RD,,
657,YISHUN AVE 4,,
776,YISHUN AVE 2,,
626,YISHUN ST 61,,
723,YISHUN ST 71,,
175,ANG MO KIO AVE 4,,
740,BEDOK RESERVOIR RD,,
120,BEDOK RESERVOIR RD,,
125,BEDOK RESERVOIR RD,,
134,BEDOK RESERVOIR RD,,
403,SIN MING AVE,,
540,BT BATOK ST 52,,
321,BT BATOK ST 33,,
319,BT BATOK ST 33,,
317,BT BATOK ST 32,,
5,DELTA AVE,,
2,EVERTON PK,,
101,GANGSA RD,,
416,EUNOS RD 5,,
329,UBI AVE 1,,
334,HOUGANG AVE 5,,
511,HOUGANG AVE 10,,
710,HOUGANG AVE 2,,
498,JURONG WEST ST 41,,
59,MARINE TER,,
165,STIRLING RD,,
55,STIRLING RD,,
846,TAMPINES ST 82,,
824,TAMPINES ST 81,,
847,TAMPINES ST 83,,
464,TAMPINES ST 44,,
124,TAMPINES ST 11,,
141,POTONG PASIR AVE 3,,
23,BEDOK STH AVE 1,,
130,BISHAN ST 12,,
417,BT BATOK WEST AVE 4,,
269,BT BATOK EAST AVE 4,,
536,BT BATOK ST 52,,
262,BT BATOK EAST AVE 4,,
355,BT BATOK ST 31,,
357,BT BATOK ST 31,,
137,JLN BT MERAH,,
378,CLEMENTI AVE 5,,
316,UBI AVE 1,,
130,GEYLANG EAST AVE 1,,
645,HOUGANG AVE 8,,
121,HOUGANG AVE 1,,
614,HOUGANG AVE 8,,
512,HOUGANG AVE 10,,
221,JURONG EAST ST 21,,
221A,JURONG EAST ST 21,,
53,TEBAN GDNS RD,,
334,JURONG EAST AVE 1,,
50,TEBAN GDNS RD,,
445,JURONG WEST ST 42,,
439,JURONG WEST AVE 1,,
46,JLN BAHAGIA,,
681,RACE COURSE RD,,
166,STIRLING RD,,
328,SERANGOON AVE 3,,
242,SERANGOON AVE 3,,
333,SERANGOON AVE 3,,
436,TAMPINES ST 43,,
841,TAMPINES ST 83,,
255,TAMPINES ST 21,,
425,TAMPINES ST 41,,
435,TAMPINES ST 43,,
116,SIMEI ST 1,,
431,TAMPINES ST 41,,
430,TAMPINES ST 41,,
237,LOR 1 TOA PAYOH,,
168,WOODLANDS ST 11,,
610,YISHUN ST 61,,
782,YISHUN RING RD,,
662,YISHUN AVE 4,,
388,YISHUN RING RD,,
715,YISHUN ST 71,,
141,BEDOK RESERVOIR RD,,
121,BISHAN ST 12,,
414,BT BATOK WEST AVE 4,,
246,BT BATOK EAST AVE 5,,
424,BT BATOK WEST AVE 2,,
119,BT BATOK WEST AVE 6,,
421,BT BATOK WEST AVE 2,,
14,REDHILL CL,,
269C,QUEEN ST,,
358,CLEMENTI AVE 2,,
22,BALAM RD,,
97,JLN DUA,,
350,UBI AVE 1,,
626,HOUGANG AVE 8,,
324,HOUGANG AVE 5,,
674,HOUGANG AVE 8,,
675,HOUGANG AVE 8,,
503,HOUGANG AVE 8,,
236,JURONG EAST ST 21,,
52,TEBAN GDNS RD,,
101,TOWNER RD,,
111,MCNAIR RD,,
335,SERANGOON AVE 3,,
334,SERANGOON AVE 3,,
845,TAMPINES ST 83,,
851,TAMPINES ST 83,,
227,SIMEI ST 4,,
121,POTONG PASIR AVE 1,,
335,WOODLANDS ST 32,,
609,YISHUN ST 61,,
174,YISHUN AVE 7,,
722,YISHUN ST 71,,
785,YISHUN AVE 2,,
633,YISHUN ST 61,,
233,ANG MO KIO AVE 3,,
531,ANG MO KIO AVE 10,,
543,ANG MO KIO AVE 10,,
515,BEDOK NTH AVE 2,,
120,BISHAN ST 12,,
127,BISHAN ST 12,,
401,SIN MING AVE,,
343,BT BATOK ST 34,,
310,BT BATOK ST 32,,
335,BT BATOK ST 32,,
372,BT BATOK ST 31,,
137,ALEXANDRA RD,,
24,KG BAHRU HILL,,
3,JOO CHIAT RD,,
328,UBI AVE 1,,
337,UBI AVE 1,,
673,HOUGANG AVE 8,,
337,HOUGANG AVE 7,,
610,HOUGANG AVE 8,,
657,HOUGANG AVE 8,,
320,JURONG EAST ST 31,,
328,JURONG EAST ST 31,,
51,TEBAN GDNS RD,,
454,JURONG WEST ST 42,,
482,JURONG WEST ST 41,,
52,JLN BAHAGIA,,
50,JLN BAHAGIA,,
63,JLN MA'MOR,,
151,SERANGOON NTH AVE 2,,
327,SERANGOON AVE 3,,
143,SERANGOON NTH AVE 1,,
836,TAMPINES ST 82,,
70,LOR 4 TOA PAYOH,,
337,WOODLANDS AVE 1,,
127,MARSILING RISE,,
144,YISHUN ST 11,,
803,YISHUN RING RD,,
617,YISHUN RING RD,,
729,YISHUN ST 71,,
717,YISHUN ST 71,,
439,YISHUN AVE 11,,
788,YISHUN AVE 2,,
170,YISHUN AVE 7,,
140,BEDOK RESERVOIR RD,,
149,BEDOK RESERVOIR RD,,
189,BISHAN ST 13,,
170,BISHAN ST 13,,
133,BT BATOK WEST AVE 6,,
338,BT BATOK ST 34,,
510,BT BATOK ST 52,,
526,BT BATOK ST 51,,
58,TELOK BLANGAH HTS,,
48,LENGKOK BAHRU,,
43,LENGKOK BAHRU,,
53,LENGKOK BAHRU,,
274,BANGKIT RD,,
112,CLEMENTI ST 13,,
335,UBI AVE 1,,
305,HOUGANG AVE 5,,
501,HOUGANG AVE 8,,
134,LOR AH SOO,,
406,HOUGANG AVE 10,,
627,HOUGANG AVE 8,,
504,HOUGANG AVE 8,,
616,HOUGANG AVE 8,,
157,HOUGANG ST 11,,
441,JURONG WEST AVE 1,,
749,JURONG WEST ST 73,,
806,KING GEORGE'S AVE,,
15,BEACH RD,,
45,HOLLAND DR,,
153,SERANGOON NTH AVE 1,,
103,SERANGOON NTH AVE 1,,
829,TAMPINES ST 81,,
843,TAMPINES ST 83,,
61,LOR 5 TOA PAYOH,,
71,LOR 4 TOA PAYOH,,
267,YISHUN ST 22,,
639,YISHUN ST 61,,
800,YISHUN RING RD,,
635,YISHUN ST 61,,
632,YISHUN ST 61,,
453,ANG MO KIO AVE 10,,
710,ANG MO KIO AVE 8,,
86,BEDOK NTH ST 4,,
523,BEDOK NTH ST 3,,
148,BEDOK RESERVOIR RD,,
175,BISHAN ST 13,,
182,BISHAN ST 13,,
124,BISHAN ST 12,,
220,BT BATOK EAST AVE 3,,
311,BT BATOK ST 32,,
503,BT BATOK ST 52,,
509,BT BATOK ST 52,,
374,BT BATOK ST 31,,
349,BT BATOK ST 34,,
410,BT BATOK WEST AVE 4,,
422,BT BATOK WEST AVE 2,,
329,BT BATOK ST 33,,
375,BT BATOK ST 31,,
525,BT BATOK ST 52,,
514,BT BATOK ST 52,,
354,BT BATOK ST 31,,
356,BT BATOK ST 31,,
104,GANGSA RD,,
16,OUTRAM HILL,,
601,CLEMENTI WEST ST 1,,
105,ALJUNIED CRES,,
326,HOUGANG AVE 7,,
604,HOUGANG AVE 4,,
613,HOUGANG AVE 8,,
629,HOUGANG AVE 8,,
523,HOUGANG AVE 6,,
524,HOUGANG AVE 6,,
630,HOUGANG AVE 8,,
632,HOUGANG AVE 8,,
676,HOUGANG AVE 8,,
624,HOUGANG AVE 8,,
508,HOUGANG AVE 10,,
345,JURONG EAST ST 31,,
43,TEBAN GDNS RD,,
434,JURONG WEST ST 42,,
3,JLN BATU,,
39,JLN BAHAGIA,,
47,STIRLING RD,,
154,SERANGOON NTH AVE 1,,
145,SERANGOON NTH AVE 1,,
201D,TAMPINES ST 21,,
835,TAMPINES ST 83,,
127,POTONG PASIR AVE 1,,
240,LOR 1 TOA PAYOH,,
642,YISHUN ST 61,,
165,YISHUN RING RD,,
615,YISHUN RING RD,,
621,YISHUN RING RD,,
761,YISHUN ST 72,,
716,YISHUN ST 71,,
655,YISHUN AVE 4,,
173,YISHUN AVE 7,,
794,YISHUN RING RD,,
790,YISHUN AVE 2,,
175,YISHUN AVE 7,,
258,ANG MO KIO AVE 4,,
168,BEDOK STH AVE 3,,
142,BEDOK RESERVOIR RD,,
63,NEW UPP CHANGI RD,,
524,BEDOK NTH ST 3,,
146,BEDOK RESERVOIR RD,,
136,BEDOK RESERVOIR RD,,
137,BEDOK RESERVOIR RD,,
112,BISHAN ST 12,,
177,BISHAN ST 13,,
126,BISHAN ST 12,,
168,BISHAN ST 13,,
102,BISHAN ST 12,,
173,BISHAN ST 13,,
181,BISHAN ST 13,,
534,BT BATOK ST 51,,
224,BT BATOK ST 21,,
314,BT BATOK ST 32,,
501,BT BATOK ST 52,,
524,BT BATOK ST 52,,
512,BT BATOK ST 52,,
22,REDHILL CL,,
35,LIM LIAK ST,,
44,MOH GUAN TER,,
38,KIM PONG RD,,
49,HOY FATT RD,,
325,CLEMENTI AVE 5,,
3,HAIG RD,,
68,DAKOTA CRES,,
11,EUNOS CRES,,
331,UBI AVE 1,,
689,HOUGANG ST 61,,
254,HOUGANG AVE 3,,
502,HOUGANG AVE 8,,
622,HOUGANG AVE 8,,
54,TEBAN GDNS RD,,
519,JURONG WEST ST 52,,
423,JURONG WEST AVE 1,,
492,JURONG WEST ST 41,,
106,PASIR RIS ST 12,,
41,STIRLING RD,,
144,SERANGOON NTH AVE 1,,
128,POTONG PASIR AVE 1,,
748,YISHUN ST 72,,
638,YISHUN ST 61,,
808,YISHUN RING RD,,
629,YISHUN ST 61,,
795,YISHUN RING RD,,
796,YISHUN RING RD,,
799,YISHUN RING RD,,
809,YISHUN RING RD,,
810,YISHUN RING RD,,
812,YISHUN RING RD,,
624,YISHUN RING RD,,
60,CHAI CHEE RD,,
518,BEDOK NTH AVE 2,,
138,BEDOK RESERVOIR RD,,
133,BEDOK RESERVOIR RD,,
130,BEDOK RESERVOIR RD,,
196,BISHAN ST 13,,
101,BISHAN ST 12,,
505,BT BATOK ST 52,,
348,BT BATOK ST 34,,
511,BT BATOK ST 52,,
532,BT BATOK ST 51,,
351,BT BATOK ST 34,,
542,BT BATOK ST 52,,
11,REDHILL CL,,
50,MOH GUAN TER,,
3,TIONG BAHRU RD,,
50,HOY FATT RD,,
51,LENGKOK BAHRU,,
229,PENDING RD,,
102,GANGSA RD,,
217,PETIR RD,,
321,UBI AVE 1,,
131,GEYLANG EAST AVE 1,,
133,GEYLANG EAST AVE 1,,
323,HOUGANG AVE 5,,
356,HOUGANG AVE 7,,
696,HOUGANG ST 61,,
662,HOUGANG AVE 4,,
618,HOUGANG AVE 8,,
245,HOUGANG ST 22,,
513,HOUGANG AVE 10,,
435,JURONG WEST ST 42,,
112,LOR 3 GEYLANG,,
120,SIMEI ST 1,,
849,TAMPINES ST 83,,
151,SIMEI ST 1,,
124,SIMEI ST 1,,
238,LOR 1 TOA PAYOH,,
622,YISHUN RING RD,,
806,YISHUN RING RD,,
798,YISHUN RING RD,,
612,YISHUN ST 61,,
791,YISHUN AVE 2,,
614,YISHUN ST 61,,
408,ANG MO KIO AVE 10,,
451,ANG MO KIO AVE 10,,
527,BEDOK NTH ST 3,,
111,BEDOK RESERVOIR RD,,
114,BISHAN ST 12,,
178,BISHAN ST 13,,
125,BISHAN ST 12,,
172,BISHAN ST 13,,
149,BISHAN ST 11,,
174,BISHAN ST 13,,
508,BT BATOK ST 52,,
347,BT BATOK ST 34,,
34,KIM CHENG ST,,
9,TIONG BAHRU RD,,
36,CASSIA CRES,,
517,HOUGANG AVE 10,,
531,HOUGANG AVE 6,,
494,JURONG WEST ST 41,,
104,JLN DUSUN,,
470,PASIR RIS DR 6,,
70,C'WEALTH DR,,
148,SERANGOON NTH AVE 1,,
897,TAMPINES ST 81,,
439,TAMPINES ST 43,,
855,TAMPINES ST 83,,
18,JOO SENG RD,,
630,YISHUN ST 61,,
802,YISHUN RING RD,,
627,YISHUN ST 61,,
779,YISHUN AVE 2,,
807,YISHUN RING RD,,
607,YISHUN ST 61,,
611,YISHUN ST 61,,
606,YISHUN ST 61,,
227,BISHAN ST 23,,
191,BISHAN ST 13,,
190,BISHAN ST 13,,
164,BISHAN ST 13,,
119,BISHAN ST 12,,
103,BISHAN ST 12,,
186,BISHAN ST 13,,
187,BISHAN ST 13,,
533,BT BATOK ST 51,,
137,BT BATOK WEST AVE 6,,
413,BT BATOK WEST AVE 4,,
419,BT BATOK WEST AVE 2,,
426,BT BATOK WEST AVE 2,,
353,BT BATOK ST 34,,
94,HAVELOCK RD,,
113,PENDING RD,,
126,PENDING RD,,
110,GANGSA RD,,
688,HOUGANG ST 61,,
658,HOUGANG AVE 8,,
660,HOUGANG AVE 8,,
514,HOUGANG AVE 10,,
687,HOUGANG ST 61,,
697,HOUGANG ST 61,,
521,HOUGANG AVE 6,,
430,HOUGANG AVE 6,,
352,JURONG EAST ST 31,,
929,JURONG WEST ST 92,,
123,MCNAIR RD,,
122,PASIR RIS ST 11,,
244,SERANGOON AVE 2,,
146,SERANGOON NTH AVE 1,,
827,TAMPINES ST 81,,
844,TAMPINES ST 82,,
447,TAMPINES ST 42,,
416,TAMPINES ST 41,,
453,TAMPINES ST 42,,
124,POTONG PASIR AVE 1,,
236,LOR 1 TOA PAYOH,,
777,YISHUN AVE 2,,
801,YISHUN RING RD,,
646,YISHUN ST 61,,
838,YISHUN ST 81,,
343,YISHUN AVE 11,,
743,YISHUN AVE 5,,
625,YISHUN ST 61,,
658,YISHUN AVE 4,,
651,YISHUN AVE 4,,
602,YISHUN ST 61,,
647,YISHUN ST 61,,
325,YISHUN CTRL,,
119,BEDOK RESERVOIR RD,,
128,BT BATOK WEST AVE 6,,
409,BT BATOK WEST AVE 4,,
531,BT BATOK ST 51,,
71,REDHILL RD,,
54,LENGKOK BAHRU,,
644,HOUGANG AVE 8,,
695,HOUGANG ST 61,,
698,HOUGANG ST 61,,
693,HOUGANG ST 61,,
694,HOUGANG ST 61,,
612,HOUGANG AVE 8,,
45,TEBAN GDNS RD,,
15,ST. GEORGE'S RD,,
124,MCNAIR RD,,
42,STIRLING RD,,
152,SERANGOON NTH AVE 1,,
314,SERANGOON AVE 2,,
331,SERANGOON AVE 3,,
403,TAMPINES ST 41,,
134,SIMEI ST 1,,
458,TAMPINES ST 42,,
154,SIMEI ST 1,,
144,POTONG PASIR AVE 2,,
628,YISHUN ST 61,,
172,YISHUN AVE 7,,
403,YISHUN AVE 6,,
129,BEDOK RESERVOIR RD,,
133,BISHAN ST 12,,
242,BISHAN ST 22,,
104,BISHAN ST 12,,
128,BISHAN ST 12,,
134,BISHAN ST 12,,
416,BT BATOK WEST AVE 4,,
358,BT BATOK ST 31,,
527,BT BATOK ST 51,,
541,BT BATOK ST 52,,
344,BT BATOK ST 34,,
46,LENGKOK BAHRU,,
115,PENDING RD,,
123,PENDING RD,,
128,PENDING RD,,
107,GANGSA RD,,
123,TECK WHYE LANE,,
132,GEYLANG EAST AVE 1,,
665,HOUGANG AVE 4,,
685,HOUGANG ST 61,,
526,HOUGANG AVE 6,,
315,JURONG EAST ST 32,,
121,MCNAIR RD,,
30,JLN BAHAGIA,,
214,SERANGOON AVE 4,,
828,TAMPINES ST 81,,
906,TAMPINES AVE 4,,
155,SIMEI RD,,
456,TAMPINES ST 42,,
451,TAMPINES ST 42,,
140,MARSILING RD,,
321,YISHUN CTRL,,
653,YISHUN AVE 4,,
634,YISHUN ST 61,,
312,YISHUN RING RD,,
714,YISHUN ST 71,,
867,YISHUN ST 81,,
620,YISHUN RING RD,,
619,YISHUN RING RD,,
644,YISHUN ST 61,,
446,ANG MO KIO AVE 10,,
706,BEDOK NTH RD,,
124,BEDOK RESERVOIR RD,,
132,BISHAN ST 12,,
145,BISHAN ST 11,,
136,BISHAN ST 12,,
138,BISHAN ST 12,,
539,BT BATOK ST 52,,
334,BT BATOK ST 32,,
125,PENDING RD,,
7,TECK WHYE AVE,,
40,SIMS DR,,
529,HOUGANG AVE 6,,
528,HOUGANG AVE 6,,
667,HOUGANG AVE 4,,
680,HOUGANG AVE 8,,
532,HOUGANG AVE 6,,
640,HOUGANG AVE 8,,
522,HOUGANG AVE 6,,
122,MCNAIR RD,,
108,MCNAIR RD,,
110,MCNAIR RD,,
127,SERANGOON NTH AVE 1,,
202,SERANGOON CTRL,,
404,TAMPINES ST 41,,
409,TAMPINES ST 41,,
20,JOO SENG RD,,
113,WOODLANDS ST 13,,
763,YISHUN ST 72,,
264,YISHUN ST 22,,
780,YISHUN RING RD,,
744,BEDOK RESERVOIR RD,,
146,BISHAN ST 11,,
117,BISHAN ST 12,,
135,BISHAN ST 12,,
194,BISHAN ST 13,,
153,BISHAN ST 13,,
530,BT BATOK ST 51,,
44,LENGKOK BAHRU,,
118,PENDING RD,,
108,GANGSA RD,,
275,BANGKIT RD,,
671,HOUGANG AVE 8,,
506,HOUGANG AVE 8,,
690,HOUGANG ST 61,,
527,HOUGANG AVE 6,,
520,HOUGANG AVE 6,,
156,HOUGANG ST 11,,
643,HOUGANG AVE 8,,
634,HOUGANG AVE 8,,
43,JLN BAHAGIA,,
44,JLN BAHAGIA,,
54,JLN MA'MOR,,
411,PASIR RIS DR 6,,
420,SERANGOON CTRL,,
883,TAMPINES ST 84,,
131,SIMEI ST 1,,
130,SIMEI ST 1,,
112,SIMEI ST 1,,
117,SIMEI ST 1,,
171,YISHUN AVE 7,,
636,YISHUN ST 61,,
603,YISHUN ST 61,,
792,YISHUN RING RD,,
122,BEDOK RESERVOIR RD,,
192,BISHAN ST 13,,
504,BT BATOK ST 52,,
25,LIM LIAK ST,,
230,PENDING RD,,
239,BT PANJANG RING RD,,
372,CLEMENTI AVE 4,,
120,GEYLANG EAST CTRL,,
669,HOUGANG AVE 8,,
530,HOUGANG AVE 6,,
648,HOUGANG AVE 8,,
633,HOUGANG AVE 8,,
349,JURONG EAST AVE 1,,
222,JURONG EAST ST 21,,
977,JURONG WEST ST 93,,
53,KENT RD,,
119,PASIR RIS ST 11,,
7,SELETAR WEST FARMWAY 6,,
142,SERANGOON NTH AVE 1,,
203,TAMPINES ST 21,,
434,TAMPINES ST 43,,
201E,TAMPINES ST 23,,
220,TAMPINES ST 24,,
944,TAMPINES AVE 5,,
252,YISHUN RING RD,,
237,YISHUN RING RD,,
660,YISHUN AVE 4,,
167,YISHUN RING RD,,
259,YISHUN ST 22,,
637,YISHUN ST 61,,
147,BISHAN ST 11,,
219,PETIR RD,,
105,GANGSA RD,,
439,FAJAR RD,,
111,GANGSA RD,,
129,PENDING RD,,
691,HOUGANG ST 61,,
647,HOUGANG AVE 8,,
533,HOUGANG AVE 6,,
262,JURONG EAST ST 24,,
917,JURONG WEST ST 91,,
62,JLN MA'MOR,,
109,MCNAIR RD,,
120,MCNAIR RD,,
101,PASIR RIS ST 12,,
240,SERANGOON AVE 2,,
825,TAMPINES ST 81,,
132,SIMEI ST 1,,
126,SIMEI ST 1,,
895,TAMPINES ST 81,,
94,LOR 4 TOA PAYOH,,
126,POTONG PASIR AVE 1,,
311,YISHUN RING RD,,
829,YISHUN ST 81,,
613,YISHUN ST 61,,
529,ANG MO KIO AVE 10,,
127,BEDOK RESERVOIR RD,,
506,BISHAN ST 11,,
166,BISHAN ST 13,,
137,BISHAN ST 12,,
220,PETIR RD,,
21,HAIG RD,,
637,HOUGANG AVE 8,,
672,HOUGANG AVE 8,,
650,HOUGANG AVE 8,,
635,HOUGANG AVE 8,,
641,HOUGANG AVE 8,,
638,HOUGANG AVE 8,,
228,JURONG EAST ST 21,,
56,JLN MA'MOR,,
119,MCNAIR RD,,
884,TAMPINES ST 83,,
821,TAMPINES ST 81,,
881,TAMPINES ST 84,,
885,TAMPINES ST 83,,
224,SIMEI ST 4,,
114,SIMEI ST 1,,
113,SIMEI ST 1,,
455,TAMPINES ST 42,,
882,TAMPINES ST 84,,
239,LOR 1 TOA PAYOH,,
804,WOODLANDS ST 81,,
811,YISHUN RING RD,,
393,YISHUN AVE 6,,
394,YISHUN AVE 6,,
666A,YISHUN AVE 4,,
522,ANG MO KIO AVE 5,,
123,BEDOK RESERVOIR RD,,
241,BISHAN ST 22,,
154,BISHAN ST 13,,
116,PENDING RD,,
206,CHOA CHU KANG CTRL,,
340,UBI AVE 1,,
525,HOUGANG AVE 6,,
656,HOUGANG AVE 8,,
925,JURONG WEST ST 92,,
29,JLN BAHAGIA,,
230,SIMEI ST 4,,
224,TAMPINES ST 23,,
129,SIMEI ST 1,,
137,SIMEI ST 1,,
119,SIMEI ST 1,,
825,YISHUN ST 81,,
656,YISHUN AVE 4,,
853,YISHUN RING RD,,
399,YISHUN AVE 6,,
386,YISHUN RING RD,,
391,YISHUN AVE 6,,
666,YISHUN AVE 4,,
610,BEDOK RESERVOIR RD,,
102,BEDOK RESERVOIR RD,,
157,BISHAN ST 13,,
236,BT PANJANG RING RD,,
121,PENDING RD,,
342,UBI AVE 1,,
848,SIMS AVE,,
642,HOUGANG AVE 8,,
652,HOUGANG AVE 8,,
655,HOUGANG AVE 8,,
215A,JURONG EAST ST 21,,
446,PASIR RIS DR 6,,
540,PASIR RIS ST 51,,
129,PASIR RIS ST 11,,
408,PASIR RIS DR 6,,
862,TAMPINES ST 83,,
150,SIMEI ST 1,,
862A,TAMPINES ST 83,,
864A,TAMPINES ST 83,,
858A,TAMPINES AVE 5,,
476,TAMPINES ST 44,,
863,TAMPINES ST 83,,
860,TAMPINES AVE 5,,
460,TAMPINES ST 42,,
802,WOODLANDS ST 81,,
839,YISHUN ST 81,,
659,YISHUN AVE 4,,
868,YISHUN ST 81,,
852,YISHUN ST 81,,
166,YISHUN RING RD,,
440,YISHUN AVE 11,,
663,YISHUN AVE 4,,
132,BEDOK RESERVOIR RD,,
155,BISHAN ST 13,,
158,BISHAN ST 13,,
7,TIONG BAHRU RD,,
208,PETIR RD,,
226,PENDING RD,,
254,BANGKIT RD,,
534,HOUGANG ST 52,,
636,HOUGANG AVE 8,,
12,ST. GEORGE'S RD,,
475,PASIR RIS DR 6,,
565,PASIR RIS ST 51,,
857B,TAMPINES ST 83,,
859,TAMPINES AVE 5,,
859A,TAMPINES AVE 5,,
860A,TAMPINES AVE 5,,
127,SIMEI ST 1,,
148,SIMEI ST 1,,
153,SIMEI ST 1,,
133,SIMEI ST 1,,
858B,TAMPINES AVE 5,,
861,TAMPINES AVE 5,,
858,TAMPINES AVE 5,,
133,POTONG PASIR AVE 1,,
257,KIM KEAT AVE,,
304,YISHUN CTRL,,
303,YISHUN CTRL,,
397,YISHUN AVE 6,,
302,YISHUN CTRL,,
786,YISHUN RING RD,,
787,YISHUN RING RD,,
305,YISHUN CTRL,,
308,YISHUN RING RD,,
826,YISHUN ST 81,,
824,YISHUN ST 81,,
877,YISHUN ST 81,,
605,YISHUN ST 61,,
148,BISHAN ST 11,,
5,TIONG BAHRU RD,,
132,CASHEW RD,,
221,PENDING RD,,
249,BANGKIT RD,,
7,TOH YI DR,,
246,HOUGANG ST 22,,
136,LOR AH SOO,,
834,HOUGANG CTRL,,
1,KG KAYU RD,,
468,PASIR RIS DR 6,,
139,SERANGOON NTH AVE 2,,
108,SIMEI ST 1,,
149,SIMEI ST 1,,
457,TAMPINES ST 42,,
876,YISHUN ST 81,,
835,YISHUN ST 81,,
864,YISHUN AVE 4,,
133,ANG MO KIO AVE 3,,
160,BISHAN ST 13,,
365,BT BATOK ST 31,,
328,BT BATOK ST 33,,
513,BT BATOK ST 52,,
205,PETIR RD,,
216,PETIR RD,,
120,PENDING RD,,
144,TECK WHYE LANE,,
134,GEYLANG EAST AVE 1,,
625,HOUGANG AVE 8,,
678,HOUGANG AVE 8,,
649,HOUGANG AVE 8,,
653,HOUGANG AVE 8,,
346,JURONG EAST ST 31,,
932,JURONG WEST ST 92,,
112,MCNAIR RD,,
60,JLN BAHAGIA,,
48,JLN BAHAGIA,,
898,TAMPINES ST 81,,
826,TAMPINES ST 81,,
878,TAMPINES AVE 8,,
231,TAMPINES ST 21,,
857A,TAMPINES ST 83,,
489A,TAMPINES ST 45,,
161,WOODLANDS ST 13,,
767,YISHUN AVE 3,,
872,YISHUN ST 81,,
880,YISHUN ST 81,,
874,YISHUN ST 81,,
742,BEDOK RESERVOIR RD,,
180,BISHAN ST 13,,
176,BISHAN ST 13,,
184,BISHAN ST 13,,
275,BT BATOK EAST AVE 4,,
12,REDHILL CL,,
33,LIM LIAK ST,,
20,TIONG BAHRU RD,,
142,PETIR RD,,
131,CASHEW RD,,
223,PENDING RD,,
206,PETIR RD,,
424,FAJAR RD,,
117,PENDING RD,,
124,PENDING RD,,
380,CLEMENTI AVE 5,,
677,HOUGANG AVE 8,,
802,TAMPINES AVE 4,,
402,TAMPINES ST 41,,
860B,TAMPINES AVE 5,,
142,SIMEI ST 2,,
144,SIMEI ST 2,,
173,WOODLANDS ST 13,,
348,WOODLANDS AVE 3,,
833,YISHUN ST 81,,
870,YISHUN ST 81,,
871,YISHUN ST 81,,
306,YISHUN CTRL,,
865,YISHUN ST 81,,
866,YISHUN ST 81,,
879,YISHUN ST 81,,
327,YISHUN RING RD,,
329,YISHUN RING RD,,
832,YISHUN ST 81,,
821,YISHUN ST 81,,
834,YISHUN ST 81,,
837,YISHUN ST 81,,
57,CHAI CHEE DR,,
636,BEDOK RESERVOIR RD,,
108,LENGKONG TIGA,,
171,BISHAN ST 13,,
195,BISHAN ST 13,,
222,BISHAN ST 23,,
280,BT BATOK EAST AVE 3,,
149,BT BATOK WEST AVE 6,,
250,BANGKIT RD,,
252,BANGKIT RD,,
140,PETIR RD,,
228,PENDING RD,,
233,PENDING RD,,
422,FAJAR RD,,
443,CLEMENTI AVE 3,,
351,JURONG EAST ST 31,,
934,JURONG WEST ST 91,,
913,JURONG WEST ST 91,,
104,PASIR RIS ST 12,,
147,SERANGOON NTH AVE 1,,
880,TAMPINES AVE 8,,
147,SIMEI ST 2,,
135,POTONG PASIR AVE 3,,
817,WOODLANDS ST 82,,
346,WOODLANDS ST 32,,
797,YISHUN RING RD,,
320,YISHUN CTRL,,
248,YISHUN AVE 9,,
875,YISHUN ST 81,,
389,YISHUN AVE 6,,
850,YISHUN ST 81,,
859,YISHUN AVE 4,,
625,BEDOK RESERVOIR RD,,
185,BISHAN ST 13,,
139,BISHAN ST 12,,
144,BISHAN ST 12,,
161,BISHAN ST 13,,
165,BISHAN ST 13,,
116,BT MERAH VIEW,,
7,REDHILL CL,,
23,LIM LIAK ST,,
103,GANGSA RD,,
251,BANGKIT RD,,
224,PENDING RD,,
240,BT PANJANG RING RD,,
255,BANGKIT RD,,
668,HOUGANG AVE 8,,
920,JURONG WEST ST 92,,
40,HOLLAND DR,,
519,SERANGOON NTH AVE 4,,
824,WOODLANDS ST 81,,
282,YISHUN AVE 6,,
423,YISHUN AVE 11,,
828,YISHUN ST 81,,
405,YISHUN AVE 6,,
387,YISHUN RING RD,,
392,YISHUN AVE 6,,
406,YISHUN AVE 6,,
344,YISHUN AVE 11,,
139,BEDOK RESERVOIR RD,,
150,BEDOK RESERVOIR RD,,
159,BISHAN ST 13,,
506,BT BATOK ST 52,,
21,LIM LIAK ST,,
227,PENDING RD,,
106,GANGSA RD,,
202,PETIR RD,,
211,PETIR RD,,
248,BANGKIT RD,,
110,TECK WHYE LANE,,
205,CHOA CHU KANG CTRL,,
236,CHOA CHU KANG CTRL,,
127,HOUGANG AVE 1,,
541,HOUGANG AVE 8,,
904,JURONG WEST ST 91,,
949,JURONG WEST ST 91,,
813,JURONG WEST ST 81,,
472,PASIR RIS DR 6,,
455,PASIR RIS DR 6,,
253,SERANGOON CTRL DR,,
254,SERANGOON CTRL DR,,
850,TAMPINES ST 82,,
877,TAMPINES ST 84,,
228,SIMEI ST 4,,
107,SIMEI ST 1,,
105,SIMEI ST 1,,
867A,TAMPINES ST 83,,
21,JOO SENG RD,,
159,WOODLANDS ST 13,,
158,WOODLANDS ST 13,,
838,WOODLANDS ST 82,,
395,YISHUN RING RD,,
396,YISHUN AVE 6,,
328,YISHUN RING RD,,
360,YISHUN RING RD,,
140,BISHAN ST 12,,
446,BRIGHT HILL DR,,
149,PETIR RD,,
246,BANGKIT RD,,
407,FAJAR RD,,
415,SAUJANA RD,,
207,PETIR RD,,
412,SAUJANA RD,,
213,PETIR RD,,
405,CHOA CHU KANG AVE 3,,
73,C'WEALTH DR,,
263,SERANGOON CTRL DR,,
822,TAMPINES ST 81,,
863B,TAMPINES ST 83,,
222,SIMEI ST 4,,
487A,TAMPINES AVE 9,,
135,SIMEI ST 1,,
136,SIMEI ST 1,,
886,TAMPINES ST 83,,
109,SIMEI ST 1,,
110,SIMEI ST 1,,
871,TAMPINES ST 84,,
229,SIMEI ST 4,,
19,JOO SENG RD,,
830,YISHUN ST 81,,
861,YISHUN AVE 4,,
427,YISHUN AVE 11,,
408,YISHUN AVE 6,,
873,YISHUN ST 81,,
816,YISHUN ST 81,,
836,YISHUN ST 81,,
126,BEDOK RESERVOIR RD,,
111,LENGKONG TIGA,,
141,BISHAN ST 12,,
447,BRIGHT HILL DR,,
507,BT BATOK ST 52,,
416,SAUJANA RD,,
277,BANGKIT RD,,
203,PETIR RD,,
151,PETIR RD,,
17,TOH YI DR,,
4,TOH YI DR,,
3,TOH YI DR,,
351,UBI AVE 1,,
670,HOUGANG AVE 8,,
501,JURONG WEST ST 51,,
152,YUNG HO RD,,
839,JURONG WEST ST 81,,
412,PASIR RIS DR 6,,
108,PASIR RIS ST 12,,
471,PASIR RIS DR 6,,
403,SERANGOON AVE 1,,
876,TAMPINES ST 84,,
899,TAMPINES ST 81,,
221,SIMEI ST 4,,
898A,TAMPINES ST 81,,
864,TAMPINES ST 83,,
234,SIMEI ST 4,,
407,YISHUN AVE 6,,
354,YISHUN RING RD,,
332,YISHUN RING RD,,
851,YISHUN ST 81,,
860,YISHUN AVE 4,,
324,YISHUN CTRL,,
355A,YISHUN RING RD,,
356,YISHUN RING RD,,
361,YISHUN RING RD,,
210,NEW UPP CHANGI RD,,
144,BEDOK RESERVOIR RD,,
109,LENGKONG TIGA,,
156,BISHAN ST 13,,
142,BISHAN ST 12,,
444,SIN MING AVE,,
162,BISHAN ST 13,,
283,BT BATOK EAST AVE 3,,
423,BT BATOK WEST AVE 2,,
232,PENDING RD,,
127,PENDING RD,,
218,PETIR RD,,
137,PETIR RD,,
273,BANGKIT RD,,
270,BANGKIT RD,,
146,GANGSA RD,,
14,TOH YI DR,,
15,TOH YI DR,,
692,HOUGANG ST 61,,
233,HOUGANG ST 21,,
928,JURONG WEST ST 92,,
921,JURONG WEST ST 92,,
978,JURONG WEST ST 93,,
933,JURONG WEST ST 91,,
49,JLN BAHAGIA,,
47,JLN BAHAGIA,,
427,PASIR RIS DR 6,,
72,C'WEALTH DR,,
43,STIRLING RD,,
46,STIRLING RD,,
897A,TAMPINES ST 81,,
238,TAMPINES ST 21,,
887,TAMPINES ST 81,,
138,SIMEI ST 1,,
863A,TAMPINES ST 83,,
145,SIMEI ST 2,,
454,TAMPINES ST 42,,
321,WOODLANDS ST 32,,
404,YISHUN AVE 6,,
854,YISHUN RING RD,,
346,YISHUN AVE 11,,
345,YISHUN AVE 11,,
863,YISHUN AVE 4,,
425,YISHUN AVE 11,,
841,YISHUN ST 81,,
367,YISHUN RING RD,,
258,YISHUN ST 22,,
827,YISHUN ST 81,,
143,BEDOK RESERVOIR RD,,
11,JLN BT MERAH,,
45,LENGKOK BAHRU,,
139,PETIR RD,,
238,BT PANJANG RING RD,,
272,BANGKIT RD,,
241,BT PANJANG RING RD,,
253,BANGKIT RD,,
147,GANGSA RD,,
130,CASHEW RD,,
276,BANGKIT RD,,
133A,CASHEW RD,,
1,TOH YI DR,,
2,TOH YI DR,,
505,HOUGANG AVE 8,,
666,HOUGANG AVE 4,,
639,HOUGANG AVE 8,,
908,JURONG WEST ST 91,,
939,JURONG WEST ST 91,,
905,JURONG WEST ST 91,,
812,JURONG WEST ST 81,,
907,JURONG WEST ST 91,,
117,PASIR RIS ST 11,,
426,PASIR RIS DR 6,,
564,PASIR RIS ST 51,,
466,PASIR RIS ST 41,,
261,SERANGOON CTRL DR,,
927,TAMPINES ST 91,,
875,TAMPINES ST 84,,
879,TAMPINES AVE 8,,
225,SIMEI ST 4,,
101,SIMEI ST 1,,
163,SIMEI RD,,
861A,TAMPINES AVE 5,,
165,SIMEI RD,,
226,SIMEI ST 4,,
894,TAMPINES ST 81,,
143,MARSILING RD,,
435,YISHUN AVE 6,,
322,YISHUN CTRL,,
323,YISHUN CTRL,,
331,YISHUN RING RD,,
349,YISHUN AVE 11,,
357,YISHUN RING RD,,
366,YISHUN RING RD,,
350A,YISHUN AVE 11,,
351,YISHUN AVE 11,,
151,BEDOK RESERVOIR RD,,
503,BISHAN ST 11,,
167,BISHAN ST 13,,
278,BT BATOK EAST AVE 3,,
350,BT BATOK ST 34,,
112,PENDING RD,,
114,PENDING RD,,
234,BT PANJANG RING RD,,
244,BT PANJANG RING RD,,
401,FAJAR RD,,
408,FAJAR RD,,
135,CASHEW RD,,
129,GEYLANG EAST AVE 2,,
679,HOUGANG AVE 8,,
936,JURONG WEST ST 91,,
919,JURONG WEST ST 91,,
924,JURONG WEST ST 92,,
935,JURONG WEST ST 91,,
65,JLN MA'MOR,,
894A,TAMPINES ST 81,,
899A,TAMPINES ST 81,,
896,TAMPINES ST 81,,
452,TAMPINES ST 42,,
886A,TAMPINES ST 83,,
123,SIMEI ST 1,,
111,SIMEI ST 1,,
350,WOODLANDS AVE 3,,
437,YISHUN AVE 6,,
353,YISHUN RING RD,,
410,YISHUN RING RD,,
362,YISHUN RING RD,,
350,YISHUN AVE 11,,
855,YISHUN RING RD,,
359,YISHUN RING RD,,
355,YISHUN RING RD,,
530,ANG MO KIO AVE 10,,
106,LENGKONG TIGA,,
188,BISHAN ST 13,,
169,BISHAN ST 13,,
15,REDHILL CL,,
214,PETIR RD,,
150,PETIR RD,,
403,FAJAR RD,,
141,PETIR RD,,
435,BT PANJANG RING RD,,
204,PETIR RD,,
237,BT PANJANG RING RD,,
242,BT PANJANG RING RD,,
404,FAJAR RD,,
18,TOH YI DR,,
115,TECK WHYE LANE,,
114,TECK WHYE LANE,,
284,CHOA CHU KANG AVE 3,,
275,CHOA CHU KANG AVE 2,,
250,HOUGANG AVE 3,,
450,HOUGANG AVE 10,,
659,HOUGANG AVE 8,,
201,JURONG EAST ST 21,,
902,JURONG WEST ST 91,,
922,JURONG WEST ST 92,,
923,JURONG WEST ST 92,,
912,JURONG WEST ST 91,,
906,JURONG WEST ST 91,,
910,JURONG WEST ST 91,,
467,PASIR RIS DR 6,,
102,PASIR RIS ST 12,,
107,PASIR RIS ST 12,,
120,PASIR RIS ST 11,,
128,PASIR RIS ST 11,,
69,C'WEALTH DR,,
201A,TAMPINES ST 21,,
102,SIMEI ST 1,,
232,SIMEI ST 4,,
223,SIMEI ST 4,,
146,SIMEI ST 2,,
888,TAMPINES ST 81,,
494C,TAMPINES ST 43,,
895A,TAMPINES ST 81,,
128,SIMEI ST 1,,
896A,TAMPINES ST 81,,
938,TAMPINES AVE 5,,
250,KIM KEAT LINK,,
246,KIM KEAT LINK,,
365,YISHUN RING RD,,
271,YISHUN ST 22,,
402,YISHUN RING RD,,
433,YISHUN AVE 6,,
337,ANG MO KIO AVE 1,,
103,LENGKONG TIGA,,
101,LENGKONG TIGA,,
449,SIN MING AVE,,
332,BT BATOK ST 32,,
26,TIONG BAHRU RD,,
235,BT PANJANG RING RD,,
402,FAJAR RD,,
210,PETIR RD,,
16,TOH YI DR,,
13,TOH YI DR,,
121,TECK WHYE LANE,,
142,TECK WHYE LANE,,
681,HOUGANG AVE 8,,
811,HOUGANG CTRL,,
654,HOUGANG AVE 8,,
944,JURONG WEST ST 91,,
909,JURONG WEST ST 91,,
482,PASIR RIS DR 4,,
124,PASIR RIS ST 11,,
125,PASIR RIS ST 11,,
126,PASIR RIS ST 11,,
448,PASIR RIS DR 6,,
404,SERANGOON AVE 1,,
406,SERANGOON AVE 1,,
874,TAMPINES ST 84,,
939,TAMPINES AVE 5,,
943,TAMPINES AVE 5,,
940,TAMPINES AVE 5,,
942,TAMPINES AVE 5,,
259,KIM KEAT AVE,,
327,WOODLANDS ST 32,,
862,YISHUN AVE 4,,
820,YISHUN ST 81,,
398,YISHUN RING RD,,
769,YISHUN AVE 3,,
640,YISHUN ST 61,,
110,LENGKONG TIGA,,
102,LENGKONG TIGA,,
104,LENGKONG TIGA,,
443,SIN MING AVE,,
187,BT BATOK WEST AVE 6,,
143,PETIR RD,,
119,PENDING RD,,
122,PENDING RD,,
215,PETIR RD,,
413,SAUJANA RD,,
431,BT PANJANG RING RD,,
417,FAJAR RD,,
418,FAJAR RD,,
419,FAJAR RD,,
421,FAJAR RD,,
410,SAUJANA RD,,
105,TECK WHYE LANE,,
111,TECK WHYE LANE,,
112,TECK WHYE LANE,,
116,TECK WHYE LANE,,
122,TECK WHYE LANE,,
108,TECK WHYE LANE,,
352,UBI AVE 1,,
117,HOUGANG AVE 1,,
312,HOUGANG AVE 5,,
461,HOUGANG AVE 10,,
131,LOR AH SOO,,
49,TEBAN GDNS RD,,
938,JURONG WEST ST 91,,
911,JURONG WEST ST 91,,
930,JURONG WEST ST 92,,
931,JURONG WEST ST 92,,
966,JURONG WEST ST 93,,
154,YUNG HO RD,,
802,FRENCH RD,,
127,PASIR RIS ST 11,,
105,PASIR RIS ST 12,,
121,PASIR RIS ST 11,,
228,PASIR RIS ST 21,,
460,PASIR RIS DR 4,,
123,PASIR RIS ST 11,,
57,C'WEALTH DR,,
262,SERANGOON CTRL DR,,
421,SERANGOON CTRL,,
427,SERANGOON CTRL,,
414,SERANGOON CTRL,,
410,SERANGOON CTRL,,
411,SERANGOON CTRL,,
413,SERANGOON CTRL,,
141,SIMEI ST 2,,
945,TAMPINES AVE 4,,
936,TAMPINES AVE 5,,
482,TAMPINES ST 43,,
160,SIMEI RD,,
156,SIMEI RD,,
231,SIMEI ST 4,,
889,TAMPINES ST 81,,
941,TAMPINES AVE 5,,
255,KIM KEAT AVE,,
256,KIM KEAT AVE,,
254,KIM KEAT AVE,,
154,WOODLANDS ST 13,,
801,WOODLANDS ST 81,,
409,YISHUN RING RD,,
817,YISHUN ST 81,,
363,YISHUN RING RD,,
795A,YISHUN RING RD,,
116,LENGKONG TIGA,,
255,BISHAN ST 22,,
256,BISHAN ST 22,,
229,BISHAN ST 23,,
143,BISHAN ST 12,,
17,SENG POH RD,,
212,PETIR RD,,
271,BANGKIT RD,,
243,BT PANJANG RING RD,,
432,BT PANJANG RING RD,,
225,PENDING RD,,
423,FAJAR RD,,
144,PETIR RD,,
138,PETIR RD,,
117,TECK WHYE LANE,,
103,TECK WHYE LANE,,
234,CHOA CHU KANG CTRL,,
109,TECK WHYE LANE,,
809,HOUGANG CTRL,,
548,HOUGANG ST 51,,
564,HOUGANG ST 51,,
428,HOUGANG AVE 6,,
947,JURONG WEST ST 91,,
730,JURONG WEST ST 72,,
831,JURONG WEST ST 81,,
709,JURONG WEST ST 71,,
473,PASIR RIS DR 6,,
554,PASIR RIS ST 51,,
504,PASIR RIS ST 52,,
425,SERANGOON AVE 1,,
412,SERANGOON CTRL,,
408,SERANGOON AVE 1,,
834,TAMPINES ST 82,,
162,SIMEI RD,,
889A,TAMPINES ST 81,,
871A,TAMPINES ST 84,,
161,SIMEI RD,,
887A,TAMPINES ST 81,,
873,TAMPINES ST 84,,
946,TAMPINES AVE 4,,
868,TAMPINES ST 83,,
303,TAMPINES ST 32,,
874A,TAMPINES ST 84,,
244,KIM KEAT LINK,,
247,KIM KEAT LINK,,
241,KIM KEAT LINK,,
248,KIM KEAT LINK,,
320,WOODLANDS ST 32,,
819,WOODLANDS ST 82,,
285,YISHUN AVE 6,,
844,YISHUN ST 81,,
364,YISHUN RING RD,,
222,ANG MO KIO AVE 1,,
114,LENGKONG TIGA,,
118,BISHAN ST 12,,
205,BISHAN ST 23,,
219,BISHAN ST 23,,
371,BT BATOK ST 31,,
359,BT BATOK ST 31,,
148,GANGSA RD,,
434,BT PANJANG RING RD,,
429,BT PANJANG RING RD,,
430,BT PANJANG RING RD,,
411,SAUJANA RD,,
118,TECK WHYE LANE,,
102,TECK WHYE LANE,,
418,CHOA CHU KANG AVE 4,,
277,CHOA CHU KANG AVE 2,,
344,CHOA CHU KANG LOOP,,
107,TECK WHYE LANE,,
120,TECK WHYE LANE,,
312,UBI AVE 1,,
445,HOUGANG AVE 8,,
215,JURONG EAST ST 21,,
836,JURONG WEST ST 81,,
946,JURONG WEST ST 91,,
943,JURONG WEST ST 91,,
940,JURONG WEST ST 91,,
918,JURONG WEST ST 91,,
115,PASIR RIS ST 11,,
419,PASIR RIS DR 6,,
506,PASIR RIS ST 52,,
422,SERANGOON CTRL,,
136,SERANGOON NTH AVE 2,,
523,SERANGOON NTH AVE 4,,
405,SERANGOON AVE 1,,
407,SERANGOON AVE 1,,
141,SERANGOON NTH AVE 2,,
501,SERANGOON NTH AVE 4,,
423,SERANGOON CTRL,,
138,SERANGOON NTH AVE 2,,
888A,TAMPINES ST 81,,
164,SIMEI RD,,
869,TAMPINES ST 83,,
870,TAMPINES ST 83,,
157,SIMEI RD,,
159,SIMEI RD,,
867,TAMPINES ST 83,,
251,KIM KEAT LINK,,
252,KIM KEAT LINK,,
160,WOODLANDS ST 13,,
112,LENGKONG TIGA,,
646,JLN TENAGA,,
150,SILAT AVE,,
10,TOH YI DR,,
106,TECK WHYE LANE,,
124,TECK WHYE LANE,,
104,TECK WHYE LANE,,
215,CHOA CHU KANG CTRL,,
224,CHOA CHU KANG CTRL,,
101,TECK WHYE LANE,,
547,HOUGANG ST 51,,
429,HOUGANG AVE 6,,
455,HOUGANG AVE 10,,
562,HOUGANG ST 51,,
507,JURONG WEST ST 52,,
945,JURONG WEST ST 91,,
976,JURONG WEST ST 93,,
979,JURONG WEST ST 93,,
827,JURONG WEST ST 81,,
702,JURONG WEST ST 71,,
937,JURONG WEST ST 91,,
114,LOR 3 GEYLANG,,
118,PASIR RIS ST 11,,
103,PASIR RIS ST 12,,
114,PASIR RIS ST 11,,
421,PASIR RIS DR 6,,
485,PASIR RIS DR 4,,
567,PASIR RIS ST 51,,
459,PASIR RIS DR 4,,
418,PASIR RIS DR 6,,
401,SERANGOON AVE 1,,
426,SERANGOON AVE 1,,
419,SERANGOON CTRL,,
424,SERANGOON CTRL,,
302,TAMPINES ST 32,,
872,TAMPINES ST 84,,
485B,TAMPINES AVE 9,,
253,KIM KEAT AVE,,
401,YISHUN AVE 6,,
608,YISHUN ST 61,,
113,LENGKONG TIGA,,
10F,BEDOK STH AVE 2,,
643,BEDOK RESERVOIR RD,,
107,LENGKONG TIGA,,
151,BISHAN ST 11,,
454,SIN MING AVE,,
150A,BISHAN ST 11,,
274,BT BATOK EAST AVE 4,,
352,BT BATOK ST 34,,
28,TIONG BAHRU RD,,
136,PETIR RD,,
406,FAJAR RD,,
222,PENDING RD,,
409,SAUJANA RD,,
427,BT PANJANG RING RD,,
134,PETIR RD,,
426,FAJAR RD,,
12,TOH YI DR,,
11,TOH YI DR,,
9,TOH YI DR,,
8,TOH YI DR,,
213,CHOA CHU KANG CTRL,,
228,CHOA CHU KANG CTRL,,
421,HOUGANG AVE 10,,
555,HOUGANG ST 51,,
682,HOUGANG AVE 4,,
419,HOUGANG AVE 8,,
358,HOUGANG AVE 5,,
926,JURONG WEST ST 92,,
941,JURONG WEST ST 91,,
948,JURONG WEST ST 91,,
942,JURONG WEST ST 91,,
111,LOR 3 GEYLANG,,
428,PASIR RIS DR 6,,
483,PASIR RIS DR 4,,
180,PASIR RIS ST 11,,
186,PASIR RIS ST 11,,
116,PASIR RIS ST 11,,
47,HOLLAND DR,,
415,SERANGOON CTRL,,
137,SERANGOON NTH AVE 2,,
417,SERANGOON CTRL,,
418,SERANGOON CTRL,,
501,TAMPINES CTRL 1,,
230C,TAMPINES ST 24,,
413,TAMPINES ST 41,,
865,TAMPINES ST 83,,
233,SIMEI ST 4,,
230J,TAMPINES ST 21,,
313,TAMPINES ST 33,,
97,LOR 3 TOA PAYOH,,
825,WOODLANDS ST 81,,
349,WOODLANDS AVE 3,,
115,LENGKONG TIGA,,
445,SIN MING AVE,,
249,BISHAN ST 22,,
224,BISHAN ST 23,,
261,BISHAN ST 22,,
186,BT BATOK WEST AVE 6,,
404,BT BATOK WEST AVE 7,,
257,BANGKIT RD,,
259,BT PANJANG RING RD,,
133,CASHEW RD,,
433,BT PANJANG RING RD,,
19,TOH YI DR,,
5,TOH YI DR,,
119,TECK WHYE LANE,,
212,CHOA CHU KANG CTRL,,
414,CHOA CHU KANG AVE 4,,
434,CHOA CHU KANG AVE 4,,
249,CHOA CHU KANG AVE 2,,
43A,SIMS DR,,
683,HOUGANG AVE 8,,
420,HOUGANG AVE 10,,
434,HOUGANG AVE 8,,
440,HOUGANG AVE 8,,
542,HOUGANG AVE 8,,
565,HOUGANG ST 51,,
431,HOUGANG AVE 6,,
953,JURONG WEST ST 91,,
725,JURONG WEST AVE 5,,
814,JURONG WEST ST 81,,
416,SERANGOON CTRL,,
538,SERANGOON NTH AVE 4,,
140,SERANGOON NTH AVE 2,,
235,SIMEI ST 4,,
866,TAMPINES ST 83,,
488A,TAMPINES AVE 9,,
158,SIMEI RD,,
491B,TAMPINES AVE 9,,
492C,TAMPINES ST 45,,
486B,TAMPINES AVE 9,,
395,TAMPINES AVE 7,,
309,TAMPINES ST 32,,
495E,TAMPINES ST 43,,
831,WOODLANDS ST 83,,
837,WOODLANDS ST 82,,
789,YISHUN AVE 2,,
664,YISHUN AVE 4,,
805,CHAI CHEE RD,,
105,LENGKONG TIGA,,
129,BISHAN ST 12,,
152,BISHAN ST 11,,
259,BISHAN ST 22,,
420,FAJAR RD,,
425,FAJAR RD,,
6,TOH YI DR,,
229,CHOA CHU KANG CTRL,,
135,TECK WHYE LANE,,
113,TECK WHYE LANE,,
141,TECK WHYE LANE,,
274,CHOA CHU KANG AVE 2,,
528,CHOA CHU KANG ST 51,,
43,SIMS DR,,
684,HOUGANG AVE 8,,
835,HOUGANG CTRL,,
361,HOUGANG AVE 5,,
540,HOUGANG AVE 8,,
338,HOUGANG AVE 7,,
646,HOUGANG AVE 8,,
980,JURONG WEST ST 93,,
823,JURONG WEST ST 81,,
828,JURONG WEST ST 81,,
974,JURONG WEST ST 93,,
477,PASIR RIS DR 6,,
631,PASIR RIS DR 3,,
109,PASIR RIS ST 11,,
235,PASIR RIS ST 21,,
502,PASIR RIS ST 52,,
135,SERANGOON NTH AVE 2,,
503,TAMPINES CTRL 1,,
489C,TAMPINES ST 45,,
496B,TAMPINES ST 43,,
332,TAMPINES ST 32,,
347,WOODLANDS AVE 3,,
645,YISHUN ST 61,,
639,BT BATOK CTRL,,
201,PETIR RD,,
208,CHOA CHU KANG CTRL,,
418,HOUGANG AVE 8,,
553,HOUGANG ST 51,,
435,HOUGANG AVE 8,,
217A,JURONG EAST ST 21,,
965,JURONG WEST ST 93,,
975,JURONG WEST ST 93,,
720,JURONG WEST AVE 5,,
727,JURONG WEST AVE 5,,
729,JURONG WEST AVE 5,,
469,PASIR RIS DR 6,,
423,PASIR RIS DR 6,,
452,PASIR RIS DR 6,,
453,PASIR RIS DR 6,,
461,PASIR RIS DR 4,,
143,PASIR RIS ST 11,,
458,PASIR RIS DR 4,,
546,PASIR RIS ST 51,,
547,PASIR RIS ST 51,,
219,PASIR RIS ST 21,,
58,STIRLING RD,,
880A,TAMPINES AVE 8,,
488B,TAMPINES ST 45,,
495F,TAMPINES ST 43,,
249,KIM KEAT LINK,,
242,KIM KEAT LINK,,
258,KIM KEAT AVE,,
343,WOODLANDS AVE 1,,
930,YISHUN CTRL 1,,
650,YISHUN AVE 4,,
652,YISHUN AVE 4,,
25,CHAI CHEE RD,,
451,SIN MING AVE,,
441,SIN MING AVE,,
448,BRIGHT HILL DR,,
185,BT BATOK WEST AVE 6,,
210,CHOA CHU KANG CTRL,,
294,CHOA CHU KANG AVE 2,,
285,CHOA CHU KANG AVE 3,,
137,TECK WHYE LANE,,
204,CHOA CHU KANG AVE 1,,
203,CHOA CHU KANG AVE 1,,
433,HOUGANG AVE 8,,
552,HOUGANG ST 51,,
468,HOUGANG AVE 8,,
432,HOUGANG AVE 6,,
506,JURONG WEST ST 52,,
728,JURONG WEST AVE 5,,
952,JURONG WEST ST 91,,
450,PASIR RIS DR 6,,
451,PASIR RIS DR 6,,
561,PASIR RIS ST 51,,
110,PASIR RIS ST 11,,
224,PASIR RIS ST 21,,
207,PASIR RIS ST 21,,
422,PASIR RIS DR 6,,
424,PASIR RIS DR 6,,
506B,SERANGOON NTH AVE 4,,
496E,TAMPINES AVE 9,,
491F,TAMPINES ST 45,,
484,TAMPINES ST 43,,
312,WOODLANDS ST 31,,
94B,BEDOK NTH AVE 4,,
452,SIN MING AVE,,
453,SIN MING AVE,,
425,BT BATOK WEST AVE 2,,
124,BT MERAH LANE 1,,
145,PETIR RD,,
202,CHOA CHU KANG AVE 1,,
248,CHOA CHU KANG AVE 2,,
131,CHOA CHU KANG AVE 1,,
417,HOUGANG AVE 8,,
837,JURONG WEST ST 81,,
425,PASIR RIS DR 6,,
440,PASIR RIS DR 4,,
476,PASIR RIS DR 6,,
555,PASIR RIS ST 51,,
238,PASIR RIS ST 21,,
522,SERANGOON NTH AVE 4,,
505,TAMPINES CTRL 1,,
169,WOODLANDS ST 11,,
136,MARSILING RD,,
634,BEDOK RESERVOIR RD,,
150,BISHAN ST 11,,
450,SIN MING AVE,,
227,CHOA CHU KANG CTRL,,
503,CHOA CHU KANG ST 51,,
207,CHOA CHU KANG CTRL,,
443,HOUGANG AVE 8,,
721,JURONG WEST AVE 5,,
961,JURONG WEST ST 92,,
748,JURONG WEST ST 73,,
811,JURONG WEST ST 81,,
830A,JURONG WEST ST 81,,
113,LOR 3 GEYLANG,,
113,PASIR RIS ST 11,,
416,PASIR RIS DR 6,,
553,PASIR RIS ST 51,,
515,PASIR RIS ST 52,,
225,PASIR RIS ST 21,,
550,PASIR RIS ST 51,,
236,PASIR RIS ST 21,,
150,MEI LING ST,,
409,SERANGOON CTRL,,
527,SERANGOON NTH AVE 4,,
322,TAMPINES ST 33,,
842D,TAMPINES ST 82,,
311,WOODLANDS ST 31,,
847,WOODLANDS ST 82,,
819,YISHUN ST 81,,
416,YISHUN AVE 11,,
647,JLN TENAGA,,
455,SIN MING AVE,,
442,SIN MING AVE,,
220,BISHAN ST 23,,
46,SENG POH RD,,
636,VEERASAMY RD,,
424,CHOA CHU KANG AVE 4,,
133,TECK WHYE LANE,,
282,CHOA CHU KANG AVE 3,,
423,HOUGANG AVE 6,,
508,JURONG WEST ST 52,,
821,JURONG WEST ST 81,,
838,JURONG WEST ST 81,,
405,PASIR RIS DR 6,,
474,PASIR RIS DR 6,,
417,PASIR RIS DR 6,,
275,PASIR RIS ST 21,,
217,PASIR RIS ST 21,,
508,PASIR RIS ST 52,,
158,PASIR RIS ST 13,,
410,PASIR RIS DR 6,,
487B,TAMPINES ST 45,,
301,TAMPINES ST 32,,
491H,TAMPINES ST 45,,
243,KIM KEAT LINK,,
304,WOODLANDS ST 31,,
328,WOODLANDS ST 32,,
326,WOODLANDS ST 32,,
829,WOODLANDS ST 83,,
438,FAJAR RD,,
414,SAUJANA RD,,
428,BT PANJANG RING RD,,
218,CHOA CHU KANG CTRL,,
425,HOUGANG AVE 6,,
426,HOUGANG AVE 6,,
560,HOUGANG ST 51,,
601,ELIAS RD,,
500,SERANGOON NTH AVE 4,,
487C,TAMPINES ST 45,,
494B,TAMPINES AVE 9,,
828,WOODLANDS ST 81,,
293,YISHUN ST 22,,
243,BISHAN ST 22,,
214,BISHAN ST 23,,
268,BISHAN ST 24,,
10,JLN RUMAH TINGGI,,
293,CHOA CHU KANG AVE 3,,
410,CHOA CHU KANG AVE 3,,
223,CHOA CHU KANG CTRL,,
416,CHOA CHU KANG AVE 4,,
307,CHOA CHU KANG AVE 4,,
287,CHOA CHU KANG AVE 2,,
732,JURONG WEST ST 73,,
261,BOON LAY DR,,
151,YUNG HO RD,,
114,WHAMPOA RD,,
406,PASIR RIS DR 6,,
407,PASIR RIS DR 6,,
409,PASIR RIS DR 6,,
229,PASIR RIS ST 21,,
611,ELIAS RD,,
454,PASIR RIS DR 6,,
540,SERANGOON NTH AVE 4,,
495A,TAMPINES ST 43,,
335,TAMPINES ST 32,,
823,YISHUN ST 81,,
803,CHAI CHEE RD,,
501,BISHAN ST 11,,
436,FAJAR RD,,
109,GANGSA RD,,
211,CHOA CHU KANG CTRL,,
214,CHOA CHU KANG CTRL,,
424,HOUGANG AVE 6,,
456,HOUGANG AVE 10,,
950,JURONG WEST ST 91,,
826,JURONG WEST ST 81,,
429,PASIR RIS DR 6,,
486,PASIR RIS DR 4,,
415,PASIR RIS DR 6,,
413,PASIR RIS DR 6,,
508,TAMPINES CTRL 1,,
816,WOODLANDS ST 82,,
420,WOODLANDS ST 41,,
441,FAJAR RD,,
217,CHOA CHU KANG CTRL,,
42,SIMS DR,,
427,HOUGANG AVE 6,,
726,JURONG WEST AVE 5,,
414,PASIR RIS DR 6,,
140,PASIR RIS ST 11,,
759,PASIR RIS ST 71,,
218,PASIR RIS ST 21,,
220,PASIR RIS ST 21,,
505,SERANGOON NTH AVE 4,,
230,BISHAN ST 23,,
219,CHOA CHU KANG CTRL,,
220,CHOA CHU KANG CTRL,,
233,CHOA CHU KANG CTRL,,
295,CHOA CHU KANG AVE 2,,
406,CHOA CHU KANG AVE 3,,
410,EUNOS RD 5,,
422,HOUGANG AVE 6,,
448,HOUGANG AVE 10,,
451,HOUGANG AVE 10,,
362,HOUGANG AVE 5,,
824,JURONG WEST ST 81,,
830,JURONG WEST ST 81,,
753,JURONG WEST ST 74,,
57,JLN MA'MOR,,
112,PASIR RIS ST 11,,
442,PASIR RIS DR 6,,
636,PASIR RIS DR 1,,
135,PASIR RIS ST 11,,
111,PASIR RIS ST 11,,
449,PASIR RIS DR 6,,
402,SERANGOON AVE 1,,
516,SERANGOON NTH AVE 4,,
312,TAMPINES ST 33,,
231,BISHAN ST 23,,
201,CHOA CHU KANG AVE 1,,
435,CHOA CHU KANG AVE 4,,
438,HOUGANG AVE 8,,
833,HOUGANG CTRL,,
815,JURONG WEST ST 81,,
746,JURONG WEST ST 73,,
724,JURONG WEST ST 72,,
745,JURONG WEST ST 73,,
715,PASIR RIS ST 72,,
495C,TAMPINES ST 43,,
245,KIM KEAT LINK,,
46,LOR 5 TOA PAYOH,,
329,WOODLANDS ST 32,,
822,WOODLANDS ST 82,,
833,WOODLANDS ST 83,,
796A,YISHUN RING RD,,
640A,YISHUN ST 61,,
604,YISHUN ST 61,,
210,BISHAN ST 23,,
232,BISHAN ST 22,,
234,BISHAN ST 22,,
208,BISHAN ST 23,,
209,CHOA CHU KANG CTRL,,
230,CHOA CHU KANG CTRL,,
237,CHOA CHU KANG CTRL,,
288,CHOA CHU KANG AVE 3,,
42A,SIMS DR,,
153,YUNG HO RD,,
719,JURONG WEST AVE 5,,
159,PASIR RIS ST 13,,
645,PASIR RIS DR 10,,
447,PASIR RIS DR 6,,
506,SERANGOON NTH AVE 4,,
382,TAMPINES ST 32,,
338,WOODLANDS AVE 1,,
641,YISHUN ST 61,,
665,YISHUN AVE 4,,
203,BISHAN ST 23,,
209,BISHAN ST 23,,
228,BISHAN ST 23,,
216,CHOA CHU KANG CTRL,,
232,CHOA CHU KANG CTRL,,
562,CHOA CHU KANG ST 52,,
713,JURONG WEST ST 71,,
722,JURONG WEST AVE 5,,
263,BOON LAY DR,,
552,PASIR RIS ST 51,,
420,PASIR RIS DR 6,,
132,CLARENCE LANE,,
396,TAMPINES AVE 7,,
412,WOODLANDS ST 41,,
206,BISHAN ST 23,,
217,BISHAN ST 23,,
233,BISHAN ST 22,,
216,BISHAN ST 23,,
245,BISHAN ST 22,,
201,BISHAN ST 23,,
231,PENDING RD,,
18,TECK WHYE LANE,,
235,CHOA CHU KANG CTRL,,
530,CHOA CHU KANG ST 51,,
447,HOUGANG AVE 10,,
538,HOUGANG ST 52,,
723,JURONG WEST AVE 5,,
714,JURONG WEST ST 71,,
309,WOODLANDS AVE 1,,
179,WOODLANDS ST 13,,
211,BISHAN ST 23,,
221,BISHAN ST 23,,
225,BISHAN ST 23,,
236,BISHAN ST 22,,
415,BT BATOK WEST AVE 4,,
642,BT BATOK CTRL,,
19,LIM LIAK ST,,
405,FAJAR RD,,
231,CHOA CHU KANG CTRL,,
537,HOUGANG ST 52,,
439,HOUGANG AVE 8,,
711,JURONG WEST ST 71,,
715,JURONG WEST ST 71,,
718,JURONG WEST ST 71,,
703,JURONG WEST ST 71,,
141,PASIR RIS ST 11,,
321,TAMPINES ST 33,,
310,WOODLANDS ST 31,,
332,WOODLANDS AVE 1,,
805,WOODLANDS ST 81,,
618,YISHUN RING RD,,
664A,YISHUN AVE 4,,
291,YISHUN ST 22,,
204,BISHAN ST 23,,
147,SILAT AVE,,
556,CHOA CHU KANG NTH 6,,
535,HOUGANG ST 52,,
466,HOUGANG AVE 8,,
539,HOUGANG ST 52,,
222,HOUGANG ST 21,,
575,PASIR RIS ST 53,,
233,PASIR RIS DR 4,,
775,PASIR RIS ST 71,,
463,PASIR RIS ST 41,,
248,PASIR RIS ST 21,,
501,PASIR RIS ST 52,,
520,SERANGOON NTH AVE 4,,
526,SERANGOON NTH AVE 4,,
842E,TAMPINES ST 82,,
842,WOODLANDS ST 82,,
654,YISHUN AVE 4,,
616,YISHUN RING RD,,
207,BISHAN ST 23,,
213,BISHAN ST 23,,
223,BISHAN ST 23,,
257,BISHAN ST 22,,
19,KG BAHRU HILL,,
17,TIONG BAHRU RD,,
423,CHOA CHU KANG AVE 4,,
512,CHOA CHU KANG ST 51,,
759,CHOA CHU KANG NTH 5,,
437,HOUGANG AVE 8,,
343,JURONG EAST ST 31,,
743,JURONG WEST ST 73,,
716,JURONG WEST ST 71,,
712,JURONG WEST ST 71,,
59,JLN MA'MOR,,
753,PASIR RIS ST 71,,
646,PASIR RIS DR 10,,
650,PASIR RIS DR 10,,
803,WOODLANDS ST 81,,
94D,BEDOK NTH AVE 4,,
14,BEDOK STH AVE 2,,
239,BISHAN ST 22,,
226,BISHAN ST 23,,
235,BISHAN ST 22,,
237,BISHAN ST 22,,
502,BISHAN ST 11,,
215,BISHAN ST 23,,
212,BISHAN ST 23,,
7,JLN BT MERAH,,
36,MOH GUAN TER,,
439,CHOA CHU KANG AVE 4,,
432,CHOA CHU KANG AVE 4,,
536,HOUGANG ST 52,,
444,HOUGANG AVE 8,,
453,HOUGANG AVE 10,,
457,HOUGANG AVE 10,,
458,HOUGANG AVE 10,,
551,HOUGANG ST 51,,
436,HOUGANG AVE 8,,
441,HOUGANG AVE 8,,
454,HOUGANG AVE 10,,
326,JURONG EAST ST 31,,
225,JURONG EAST ST 21,,
479,PASIR RIS DR 4,,
480,PASIR RIS DR 4,,
481,PASIR RIS DR 4,,
231,PASIR RIS DR 4,,
246,PASIR RIS ST 21,,
251,PASIR RIS ST 21,,
223,PASIR RIS ST 21,,
210,PASIR RIS ST 21,,
533,SERANGOON NTH AVE 4,,
541,SERANGOON NTH AVE 4,,
518,SERANGOON NTH AVE 4,,
524,SERANGOON NTH AVE 4,,
856B,TAMPINES ST 82,,
48,LOR 5 TOA PAYOH,,
874,WOODLANDS ST 82,,
661,YISHUN AVE 4,,
253,ANG MO KIO ST 21,,
250,BISHAN ST 22,,
251,BISHAN ST 22,,
251,CHOA CHU KANG AVE 2,,
529,CHOA CHU KANG ST 51,,
756,CHOA CHU KANG NTH 5,,
452,HOUGANG AVE 10,,
446,HOUGANG AVE 8,,
221,HOUGANG ST 21,,
751,JURONG WEST ST 73,,
478,PASIR RIS DR 4,,
273,PASIR RIS ST 21,,
738,PASIR RIS DR 10,,
568,PASIR RIS ST 51,,
557,PASIR RIS ST 51,,
147,PASIR RIS ST 13,,
724,PASIR RIS ST 72,,
511,PASIR RIS ST 52,,
457,PASIR RIS DR 4,,
507,PASIR RIS ST 52,,
605,ELIAS RD,,
531,SERANGOON NTH AVE 4,,
536,SERANGOON NTH AVE 4,,
534,SERANGOON NTH AVE 4,,
532,SERANGOON NTH AVE 4,,
535,SERANGOON NTH AVE 4,,
485A,TAMPINES AVE 9,,
385,TAMPINES ST 32,,
357,TAMPINES ST 33,,
856E,TAMPINES ST 82,,
328,TAMPINES ST 32,,
176,WOODLANDS ST 13,,
423,ANG MO KIO AVE 3,,
658,JLN TENAGA,,
663,JLN DAMAI,,
254,BISHAN ST 22,,
248,BISHAN ST 22,,
252,BISHAN ST 22,,
253,BISHAN ST 22,,
238,BISHAN ST 22,,
14,JLN BT MERAH,,
283,CHOA CHU KANG AVE 3,,
226,CHOA CHU KANG CTRL,,
41,CIRCUIT RD,,
549,HOUGANG ST 51,,
449,HOUGANG AVE 10,,
717,JURONG WEST ST 71,,
858,JURONG WEST ST 81,,
849,JURONG WEST ST 81,,
184,PASIR RIS ST 11,,
188,PASIR RIS ST 12,,
535,PASIR RIS DR 1,,
241,PASIR RIS ST 21,,
204,PASIR RIS ST 21,,
160,PASIR RIS ST 13,,
604,ELIAS RD,,
712,PASIR RIS ST 72,,
780,PASIR RIS ST 71,,
531,PASIR RIS DR 1,,
517,SERANGOON NTH AVE 4,,
326,SERANGOON AVE 3,,
506A,SERANGOON NTH AVE 4,,
230E,TAMPINES ST 24,,
174,WOODLANDS ST 13,,
233,YISHUN ST 21,,
663A,YISHUN AVE 4,,
793,YISHUN RING RD,,
631,YISHUN ST 61,,
848,YISHUN ST 81,,
629,BEDOK RESERVOIR RD,,
246,BISHAN ST 22,,
280,CHOA CHU KANG AVE 3,,
409,CHOA CHU KANG AVE 3,,
412,CHOA CHU KANG AVE 3,,
425,CHOA CHU KANG AVE 4,,
608,CHOA CHU KANG ST 62,,
442,HOUGANG AVE 8,,
220,HOUGANG ST 21,,
831,HOUGANG CTRL,,
558,HOUGANG ST 51,,
244,PASIR RIS ST 21,,
221,PASIR RIS ST 21,,
266,PASIR RIS ST 21,,
137,PASIR RIS ST 11,,
651,PASIR RIS DR 10,,
530,SERANGOON NTH AVE 4,,
491C,TAMPINES ST 45,,
324,TAMPINES ST 32,,
292,YISHUN ST 22,,
645A,YISHUN ST 61,,
611,BEDOK RESERVOIR RD,,
648,JLN TENAGA,,
659,JLN TENAGA,,
267,BISHAN ST 24,,
269,BISHAN ST 24,,
244,BISHAN ST 22,,
281,CHOA CHU KANG AVE 3,,
411,CHOA CHU KANG AVE 3,,
413,CHOA CHU KANG AVE 3,,
345,CHOA CHU KANG LOOP,,
552,CHOA CHU KANG ST 52,,
511,CHOA CHU KANG ST 51,,
341,CHOA CHU KANG LOOP,,
412,EUNOS RD 5,,
413,EUNOS RD 5,,
556,HOUGANG ST 51,,
557,HOUGANG ST 51,,
559,HOUGANG ST 51,,
731,JURONG WEST ST 72,,
487,PASIR RIS DR 4,,
216,PASIR RIS ST 21,,
149,PASIR RIS ST 13,,
240,PASIR RIS ST 21,,
711,PASIR RIS ST 72,,
717,PASIR RIS ST 72,,
486C,TAMPINES AVE 9,,
502,TAMPINES CTRL 1,,
318,TAMPINES ST 33,,
497D,TAMPINES ST 45,,
326,TAMPINES ST 32,,
123,POTONG PASIR AVE 1,,
855,WOODLANDS ST 83,,
345,WOODLANDS ST 32,,
128,MARSILING RISE,,
866,WOODLANDS ST 83,,
358,WOODLANDS AVE 5,,
893D,WOODLANDS DR 50,,
846,YISHUN RING RD,,
636A,YISHUN ST 61,,
615,ANG MO KIO AVE 4,,
645,JLN TENAGA,,
650,JLN TENAGA,,
94C,BEDOK NTH AVE 4,,
662,JLN DAMAI,,
263,BISHAN ST 22,,
271,BISHAN ST 24,,
281,BT BATOK EAST AVE 3,,
42,KIM CHENG ST,,
453,FAJAR RD,,
289,CHOA CHU KANG AVE 3,,
290,CHOA CHU KANG AVE 3,,
291,CHOA CHU KANG AVE 3,,
402,CHOA CHU KANG AVE 3,,
407,CHOA CHU KANG AVE 3,,
408,CHOA CHU KANG AVE 3,,
422,CHOA CHU KANG AVE 4,,
440,CHOA CHU KANG AVE 4,,
550,HOUGANG ST 51,,
830,HOUGANG CTRL,,
25,TEBAN GDNS RD,,
215,PASIR RIS ST 21,,
212,PASIR RIS ST 21,,
131,PASIR RIS ST 11,,
644,PASIR RIS DR 10,,
779,PASIR RIS ST 71,,
53,STIRLING RD,,
521,SERANGOON NTH AVE 4,,
529,SERANGOON NTH AVE 4,,
349,TAMPINES ST 33,,
472,TAMPINES ST 44,,
497F,TAMPINES ST 45,,
497J,TAMPINES ST 45,,
316,WOODLANDS ST 31,,
418,WOODLANDS ST 41,,
878,YISHUN ST 81,,
633A,YISHUN ST 61,,
627,ANG MO KIO AVE 9,,
616,ANG MO KIO AVE 4,,
270,BISHAN ST 24,,
272,BISHAN ST 24,,
240,BISHAN ST 22,,
218,BISHAN ST 23,,
402,BT BATOK WEST AVE 7,,
286,CHOA CHU KANG AVE 3,,
401,CHOA CHU KANG AVE 3,,
426,CHOA CHU KANG AVE 4,,
427,CHOA CHU KANG AVE 4,,
701,CHOA CHU KANG ST 53,,
563,HOUGANG ST 51,,
107,JURONG EAST ST 13,,
223A,JURONG EAST ST 21,,
733,JURONG WEST ST 73,,
182,PASIR RIS ST 11,,
250,PASIR RIS ST 21,,
474,TAMPINES ST 43,,
389,TAMPINES ST 32,,
351,TAMPINES ST 33,,
477,TAMPINES ST 43,,
481,TAMPINES ST 44,,
483,TAMPINES ST 43,,
314,TAMPINES ST 33,,
324,WOODLANDS ST 32,,
315,WOODLANDS ST 31,,
419,WOODLANDS ST 41,,
341,WOODLANDS AVE 1,,
660,JLN TENAGA,,
262,BISHAN ST 22,,
265,BISHAN ST 24,,
202,BISHAN ST 23,,
209,PETIR RD,,
279,CHOA CHU KANG AVE 3,,
403,CHOA CHU KANG AVE 3,,
404,CHOA CHU KANG AVE 3,,
421,CHOA CHU KANG AVE 4,,
525,CHOA CHU KANG ST 51,,
804,HOUGANG CTRL,,
546,HOUGANG ST 51,,
222,PASIR RIS ST 21,,
515,SERANGOON NTH AVE 4,,
479,TAMPINES ST 44,,
737,TAMPINES ST 72,,
317,WOODLANDS ST 31,,
637A,YISHUN ST 61,,
221,ANG MO KIO AVE 1,,
609,ANG MO KIO AVE 4,,
176,ANG MO KIO AVE 4,,
264,BISHAN ST 24,,
286,BISHAN ST 24,,
260,BISHAN ST 22,,
258,BISHAN ST 22,,
122,BT MERAH LANE 1,,
136,TECK WHYE LANE,,
544,HOUGANG AVE 8,,
832,HOUGANG CTRL,,
484,PASIR RIS DR 4,,
50,STIRLING RD,,
514,SERANGOON NTH AVE 4,,
539,SERANGOON NTH AVE 4,,
525,SERANGOON NTH AVE 4,,
480,TAMPINES ST 44,,
1,UPP ALJUNIED LANE,,
927,YISHUN CTRL 1,,
102,ANG MO KIO AVE 3,,
266,BISHAN ST 24,,
281,BISHAN ST 24,,
285,BISHAN ST 22,,
287,BISHAN ST 24,,
221,CHOA CHU KANG CTRL,,
554,HOUGANG ST 51,,
545,HOUGANG AVE 8,,
549,PASIR RIS ST 51,,
52,STIRLING RD,,
528,SERANGOON NTH AVE 4,,
302,WOODLANDS ST 31,,
303,WOODLANDS ST 31,,
428,CHOA CHU KANG AVE 4,,
806,HOUGANG CTRL,,
359,HOUGANG AVE 5,,
509,TAMPINES CTRL 1,,
306,WOODLANDS ST 31,,
926,YISHUN CTRL 1,,
935,YISHUN CTRL 1,,
27,CHAI CHEE RD,,
26,CHAI CHEE RD,,
278,BISHAN ST 24,,
238,CHOA CHU KANG CTRL,,
278,CHOA CHU KANG AVE 3,,
415,CHOA CHU KANG AVE 4,,
292,CHOA CHU KANG AVE 3,,
543,HOUGANG AVE 8,,
464,UPP SERANGOON RD,,
465,UPP SERANGOON RD,,
467,HOUGANG AVE 8,,
360,HOUGANG AVE 5,,
363,HOUGANG AVE 5,,
566,HOUGANG ST 51,,
928,YISHUN CTRL 1,,
234,ANG MO KIO AVE 3,,
130,CHOA CHU KANG AVE 1,,
134,TECK WHYE LANE,,
537,SERANGOON NTH AVE 4,,
344,WOODLANDS ST 32,,
301,WOODLANDS ST 31,,
822,YISHUN ST 81,,
932,YISHUN CTRL 1,,
225,CHOA CHU KANG CTRL,,
417,CHOA CHU KANG AVE 4,,
463,HOUGANG AVE 10,,
105,JURONG EAST ST 13,,
542,SERANGOON NTH AVE 4,,
319,WOODLANDS ST 31,,
931,YISHUN CTRL 1,,
462,HOUGANG AVE 10,,
737,JURONG WEST ST 75,,
544,PASIR RIS ST 51,,
548,PASIR RIS ST 51,,
430,CHOA CHU KANG AVE 4,,
353,CHOA CHU KANG CTRL,,
354,CHOA CHU KANG CTRL,,
259,JURONG EAST ST 24,,
517,PASIR RIS ST 52,,
541,PASIR RIS ST 51,,
543,PASIR RIS ST 51,,
536,PASIR RIS DR 1,,
24,TIONG BAHRU RD,,
438,CHOA CHU KANG AVE 4,,
441,CHOA CHU KANG AVE 4,,
431,CHOA CHU KANG AVE 4,,
352,CHOA CHU KANG CTRL,,
355,CHOA CHU KANG CTRL,,
132,CHOA CHU KANG AVE 1,,
433,CHOA CHU KANG AVE 4,,
314,HOUGANG AVE 5,,
460,HOUGANG AVE 10,,
556,PASIR RIS ST 51,,
559,PASIR RIS ST 51,,
456,PASIR RIS DR 4,,
538,PASIR RIS ST 51,,
164,BT MERAH CTRL,,
239,CHOA CHU KANG CTRL,,
305,CHOA CHU KANG AVE 4,,
419,CHOA CHU KANG AVE 4,,
420,CHOA CHU KANG AVE 4,,
436,CHOA CHU KANG AVE 4,,
351,CHOA CHU KANG CTRL,,
561,HOUGANG ST 51,,
551,PASIR RIS ST 51,,
214,PASIR RIS ST 21,,
465,PASIR RIS ST 41,,
464,PASIR RIS ST 41,,
545,PASIR RIS ST 51,,
542,PASIR RIS ST 51,,
6,SELETAR WEST FARMWAY 6,,
804,CHAI CHEE RD,,
245,BT PANJANG RING RD,,
306,CHOA CHU KANG AVE 4,,
429,CHOA CHU KANG AVE 4,,
276,CHOA CHU KANG AVE 2,,
437,CHOA CHU KANG AVE 4,,
537,PASIR RIS ST 51,,
533,PASIR RIS DR 1,,
44,LOR 5 TOA PAYOH,,
49,LOR 5 TOA PAYOH,,
532,PASIR RIS DR 1,,
534,PASIR RIS DR 1,,
235,TAMPINES ST 21,,
50,LOR 5 TOA PAYOH,,
412,YISHUN RING RD,,
644,BEDOK RESERVOIR RD,,
247,BISHAN ST 22,,
320,BT BATOK ST 33,,
308,CHOA CHU KANG AVE 4,,
558,PASIR RIS ST 51,,
566,PASIR RIS ST 51,,
539,PASIR RIS ST 51,,
22,DOVER CRES,,
535A,SERANGOON NTH AVE 4,,
496C,TAMPINES ST 43,,
496D,TAMPINES AVE 9,,
413,YISHUN RING RD,,
9,BEDOK STH AVE 2,,
10E,BEDOK STH AVE 2,,
633,BEDOK RESERVOIR RD,,
635,BEDOK RESERVOIR RD,,
22,TIONG BAHRU RD,,
250,CHOA CHU KANG AVE 2,,
346,CHOA CHU KANG LOOP,,
343,CHOA CHU KANG LOOP,,
245,PASIR RIS ST 21,,
504,SERANGOON NTH AVE 4,,
419,YISHUN AVE 11,,
649,JLN TENAGA,,
637,BEDOK RESERVOIR RD,,
405,BT BATOK WEST AVE 7,,
406,BT BATOK WEST AVE 7,,
502,SERANGOON NTH AVE 4,,
491A,TAMPINES AVE 9,,
496F,TAMPINES AVE 9,,
310,TAMPINES ST 32,,
99C,LOR 2 TOA PAYOH,,
415,YISHUN AVE 11,,
532,ANG MO KIO AVE 10,,
403,BT BATOK WEST AVE 7,,
342,CHOA CHU KANG LOOP,,
350,CHOA CHU KANG CTRL,,
104,HOUGANG AVE 1,,
840,JURONG WEST ST 81,,
843,JURONG WEST ST 81,,
842,JURONG WEST ST 81,,
569,PASIR RIS ST 51,,
239,PASIR RIS ST 21,,
243,PASIR RIS ST 21,,
496G,TAMPINES AVE 9,,
491D,TAMPINES ST 45,,
306,TAMPINES ST 32,,
307,TAMPINES ST 32,,
493B,TAMPINES AVE 9,,
43,LOR 5 TOA PAYOH,,
99B,LOR 2 TOA PAYOH,,
101B,LOR 2 TOA PAYOH,,
313,WOODLANDS ST 31,,
314,WOODLANDS ST 31,,
411,YISHUN RING RD,,
271,CHOA CHU KANG AVE 2,,
348,JURONG EAST AVE 1,,
512,PASIR RIS ST 52,,
237,PASIR RIS ST 21,,
242,PASIR RIS ST 21,,
503,SERANGOON NTH AVE 4,,
493D,TAMPINES ST 43,,
493A,TAMPINES AVE 9,,
304,TAMPINES ST 32,,
308,TAMPINES ST 32,,
311,TAMPINES ST 33,,
318,WOODLANDS ST 31,,
340,CHOA CHU KANG LOOP,,
833,JURONG WEST ST 81,,
820,JURONG WEST ST 81,,
829,JURONG WEST ST 81,,
213,PASIR RIS ST 21,,
560,PASIR RIS ST 51,,
232,PASIR RIS DR 4,,
227,PASIR RIS ST 21,,
247,PASIR RIS ST 21,,
493C,TAMPINES ST 43,,
315,TAMPINES ST 33,,
495B,TAMPINES ST 43,,
99A,LOR 2 TOA PAYOH,,
94E,BEDOK NTH AVE 4,,
273,CHOA CHU KANG AVE 2,,
832,JURONG WEST ST 81,,
834,JURONG WEST ST 81,,
841,JURONG WEST ST 81,,
226,PASIR RIS ST 21,,
230,PASIR RIS ST 21,,
562,PASIR RIS ST 51,,
634,PASIR RIS DR 1,,
183,PASIR RIS ST 11,,
203,PASIR RIS ST 21,,
493E,TAMPINES ST 43,,
491E,TAMPINES ST 45,,
305,TAMPINES ST 32,,
491G,TAMPINES ST 45,,
45,LOR 5 TOA PAYOH,,
853,WOODLANDS ST 83,,
854,WOODLANDS ST 83,,
24,TEBAN GDNS RD,,
817,JURONG WEST ST 81,,
234,PASIR RIS DR 4,,
181,PASIR RIS ST 11,,
195,PASIR RIS ST 12,,
199,PASIR RIS ST 12,,
211,PASIR RIS ST 21,,
249,PASIR RIS ST 21,,
492B,TAMPINES AVE 9,,
492D,TAMPINES ST 45,,
101A,LOR 2 TOA PAYOH,,
175,WOODLANDS ST 13,,
272,CHOA CHU KANG AVE 2,,
744,JURONG WEST ST 73,,
810,JURONG WEST ST 81,,
818,JURONG WEST ST 81,,
819,JURONG WEST ST 81,,
816,JURONG WEST ST 81,,
822,JURONG WEST ST 81,,
825,JURONG WEST ST 81,,
187,PASIR RIS ST 11,,
189,PASIR RIS ST 12,,
193,PASIR RIS ST 12,,
196,PASIR RIS ST 12,,
205,PASIR RIS ST 21,,
206,PASIR RIS ST 21,,
208,PASIR RIS ST 21,,
490A,TAMPINES ST 45,,
384,TAMPINES ST 32,,
230D,TAMPINES ST 24,,
230F,TAMPINES ST 24,,
230G,TAMPINES ST 21,,
495D,TAMPINES ST 43,,
170,WOODLANDS ST 11,,
638,BEDOK RESERVOIR RD,,
639,BEDOK RESERVOIR RD,,
641,BEDOK RESERVOIR RD,,
651,HOUGANG AVE 8,,
750,JURONG WEST ST 73,,
185,PASIR RIS ST 11,,
197,PASIR RIS ST 12,,
505,PASIR RIS ST 52,,
509,PASIR RIS ST 52,,
81,STRATHMORE AVE,,
230B,TAMPINES ST 24,,
489B,TAMPINES ST 45,,
381,TAMPINES ST 32,,
383,TAMPINES ST 32,,
230H,TAMPINES ST 21,,
840,WOODLANDS ST 82,,
307,WOODLANDS AVE 1,,
308,WOODLANDS AVE 1,,
747,JURONG WEST ST 73,,
191,PASIR RIS ST 12,,
198,PASIR RIS ST 12,,
209,PASIR RIS ST 21,,
510,PASIR RIS ST 52,,
167,WOODLANDS ST 11,,
545,CHOA CHU KANG ST 52,,
190,PASIR RIS ST 12,,
194,PASIR RIS ST 12,,
513,PASIR RIS ST 52,,
192,PASIR RIS ST 12,,
255,PASIR RIS ST 21,,
503,PASIR RIS ST 52,,
317,ANG MO KIO ST 31,,
640,BEDOK RESERVOIR RD,,
642,BEDOK RESERVOIR RD,,
254,CHOA CHU KANG AVE 2,,
546,CHOA CHU KANG ST 52,,
708,JURONG WEST ST 71,,
514,PASIR RIS ST 52,,
274,PASIR RIS ST 21,,
519,PASIR RIS ST 52,,
269,PASIR RIS ST 21,,
130,PASIR RIS ST 11,,
132,PASIR RIS ST 11,,
134,PASIR RIS ST 11,,
80,STRATHMORE AVE,,
490B,TAMPINES ST 45,,
388,TAMPINES ST 32,,
391,TAMPINES AVE 7,,
386,TAMPINES ST 32,,
843,WOODLANDS ST 82,,
331,WOODLANDS AVE 1,,
88,REDHILL CL,,
540,CHOA CHU KANG ST 52,,
526,CHOA CHU KANG ST 51,,
701,JURONG WEST ST 71,,
710,JURONG WEST ST 71,,
257,PASIR RIS ST 21,,
254,PASIR RIS ST 21,,
500,PASIR RIS ST 52,,
268,PASIR RIS ST 21,,
270,PASIR RIS ST 21,,
133,PASIR RIS ST 11,,
136,PASIR RIS ST 11,,
390,TAMPINES AVE 7,,
486A,TAMPINES AVE 9,,
387,TAMPINES ST 32,,
394,TAMPINES AVE 7,,
845,WOODLANDS ST 82,,
109,WOODLANDS ST 13,,
330,WOODLANDS AVE 1,,
506,CHOA CHU KANG ST 51,,
252,CHOA CHU KANG AVE 2,,
510,CHOA CHU KANG ST 51,,
524,CHOA CHU KANG ST 51,,
521,PASIR RIS ST 52,,
142,PASIR RIS ST 11,,
518,PASIR RIS ST 52,,
393,TAMPINES AVE 7,,
111,WOODLANDS ST 13,,
142,MARSILING RD,,
542,CHOA CHU KANG ST 52,,
543,CHOA CHU KANG ST 52,,
501,CHOA CHU KANG ST 51,,
502,CHOA CHU KANG ST 51,,
509,CHOA CHU KANG ST 51,,
523,CHOA CHU KANG ST 51,,
527,CHOA CHU KANG ST 51,,
531,CHOA CHU KANG ST 51,,
48,BENDEMEER RD,,
256,PASIR RIS ST 21,,
272,PASIR RIS ST 21,,
520,PASIR RIS ST 52,,
516,PASIR RIS ST 52,,
392,TAMPINES AVE 7,,
141,MARSILING RD,,
323,WOODLANDS ST 32,,
107,WOODLANDS ST 13,,
808,WOODLANDS ST 81,,
87,REDHILL CL,,
253,PASIR RIS ST 21,,
139,PASIR RIS ST 11,,
145,PASIR RIS ST 11,,
252,PASIR RIS ST 21,,
267,PASIR RIS ST 21,,
271,PASIR RIS ST 21,,
152,PASIR RIS ST 13,,
373,TAMPINES ST 34,,
8,JOO SENG RD,,
322,WOODLANDS ST 32,,
325,WOODLANDS ST 32,,
830,WOODLANDS ST 83,,
807,WOODLANDS ST 81,,
6,KIM TIAN RD,,
504,CHOA CHU KANG ST 51,,
544,CHOA CHU KANG ST 52,,
507,CHOA CHU KANG ST 51,,
508,CHOA CHU KANG ST 51,,
548,CHOA CHU KANG ST 52,,
551,CHOA CHU KANG ST 52,,
708,CHOA CHU KANG ST 53,,
112,WHAMPOA RD,,
115,WHAMPOA RD,,
144,PASIR RIS ST 11,,
635,PASIR RIS DR 1,,
629,PASIR RIS DR 3,,
148,PASIR RIS ST 13,,
150,PASIR RIS ST 13,,
146,PASIR RIS ST 11,,
628,PASIR RIS DR 3,,
630,PASIR RIS DR 3,,
138,PASIR RIS ST 11,,
161,PASIR RIS ST 13,,
603,ELIAS RD,,
371,TAMPINES ST 34,,
372,TAMPINES ST 34,,
374,TAMPINES ST 34,,
117,MARSILING RISE,,
139,MARSILING RD,,
135,MARSILING RD,,
832,WOODLANDS ST 83,,
818,WOODLANDS ST 82,,
125,KIM TIAN RD,,
505,CHOA CHU KANG ST 51,,
541,CHOA CHU KANG ST 52,,
550,CHOA CHU KANG ST 52,,
515,CHOA CHU KANG ST 51,,
549,CHOA CHU KANG ST 52,,
702,CHOA CHU KANG ST 53,,
369,YUNG AN RD,,
46,BENDEMEER RD,,
640,PASIR RIS DR 1,,
641,PASIR RIS DR 1,,
633,PASIR RIS DR 3,,
627,PASIR RIS DR 3,,
632,PASIR RIS DR 3,,
155,PASIR RIS ST 13,,
157,PASIR RIS ST 13,,
147,MEI LING ST,,
842B,TAMPINES ST 82,,
842C,TAMPINES ST 82,,
327,TAMPINES ST 32,,
331,TAMPINES ST 32,,
856C,TAMPINES ST 82,,
134,MARSILING RD,,
122,MARSILING RISE,,
547,CHOA CHU KANG ST 52,,
703,CHOA CHU KANG ST 53,,
704,CHOA CHU KANG ST 53,,
705,CHOA CHU KANG ST 53,,
563,CHOA CHU KANG ST 52,,
564,CHOA CHU KANG ST 52,,
566,CHOA CHU KANG ST 52,,
761,CHOA CHU KANG NTH 5,,
513,CHOA CHU KANG ST 51,,
738,JURONG WEST ST 75,,
266,BOON LAY DR,,
735,JURONG WEST ST 75,,
736,JURONG WEST ST 75,,
828A,JURONG WEST ST 81,,
639,PASIR RIS DR 1,,
626,PASIR RIS DR 3,,
151,PASIR RIS ST 13,,
637,PASIR RIS DR 1,,
606,ELIAS RD,,
609,ELIAS RD,,
149,MEI LING ST,,
325,TAMPINES ST 32,,
330,TAMPINES ST 32,,
336,TAMPINES ST 32,,
138,MARSILING RD,,
834,WOODLANDS ST 83,,
706,CHOA CHU KANG ST 53,,
565,CHOA CHU KANG ST 52,,
567,CHOA CHU KANG ST 52,,
514,CHOA CHU KANG ST 51,,
568,CHOA CHU KANG ST 52,,
569,CHOA CHU KANG ST 52,,
755,CHOA CHU KANG NTH 5,,
559,CHOA CHU KANG NTH 6,,
264,BOON LAY DR,,
265,BOON LAY DR,,
258,BOON LAY DR,,
113,WHAMPOA RD,,
153,PASIR RIS ST 13,,
156,PASIR RIS ST 13,,
642,PASIR RIS DR 10,,
643,PASIR RIS DR 10,,
647,PASIR RIS DR 10,,
602,ELIAS RD,,
580,PASIR RIS ST 53,,
143,MEI LING ST,,
842F,TAMPINES ST 82,,
842H,TAMPINES ST 82,,
856D,TAMPINES ST 82,,
337,TAMPINES ST 32,,
172A,LOR 1 TOA PAYOH,,
118,MARSILING RISE,,
820,WOODLANDS ST 82,,
835,WOODLANDS ST 83,,
848,WOODLANDS ST 82,,
330,YISHUN RING RD,,
123,KIM TIAN RD,,
516,CHOA CHU KANG ST 51,,
518,CHOA CHU KANG ST 51,,
707,CHOA CHU KANG ST 53,,
517,CHOA CHU KANG ST 51,,
751,CHOA CHU KANG NTH 5,,
557,CHOA CHU KANG NTH 6,,
558,CHOA CHU KANG NTH 6,,
734,JURONG WEST ST 73,,
262,BOON LAY DR,,
360,YUNG AN RD,,
844,JURONG WEST ST 81,,
754,JURONG WEST ST 74,,
363,YUNG AN RD,,
704,PASIR RIS DR 10,,
705,PASIR RIS DR 10,,
638,PASIR RIS DR 1,,
648,PASIR RIS DR 10,,
649,PASIR RIS DR 10,,
579,PASIR RIS ST 53,,
341,TAMPINES ST 33,,
342,TAMPINES ST 33,,
856F,TAMPINES ST 82,,
329,TAMPINES ST 32,,
333,TAMPINES ST 32,,
334,TAMPINES ST 32,,
809,WOODLANDS ST 81,,
810,WOODLANDS ST 81,,
821,WOODLANDS ST 82,,
309,YISHUN RING RD,,
760,CHOA CHU KANG NTH 5,,
752,CHOA CHU KANG NTH 5,,
757,CHOA CHU KANG NTH 5,,
553,CHOA CHU KANG NTH 6,,
603,CHOA CHU KANG ST 62,,
259,BOON LAY DR,,
361,YUNG AN RD,,
358,YUNG AN RD,,
846,JURONG WEST ST 81,,
362,YUNG AN RD,,
700,PASIR RIS DR 10,,
702,PASIR RIS DR 10,,
703,PASIR RIS DR 10,,
154,PASIR RIS ST 13,,
607,ELIAS RD,,
608,ELIAS RD,,
145,MEI LING ST,,
146,MEI LING ST,,
842G,TAMPINES ST 82,,
323,TAMPINES ST 33,,
319,TAMPINES ST 33,,
339,TAMPINES ST 33,,
343,TAMPINES ST 33,,
172,LOR 1 TOA PAYOH,,
133,MARSILING RISE,,
116,MARSILING RISE,,
121,MARSILING RISE,,
849,WOODLANDS ST 82,,
314,YISHUN RING RD,,
122,KIM TIAN RD,,
613,CHOA CHU KANG ST 62,,
753,CHOA CHU KANG NTH 5,,
758,CHOA CHU KANG NTH 5,,
554,CHOA CHU KANG NTH 6,,
561,CHOA CHU KANG NTH 6,,
704,JURONG WEST ST 71,,
257,BOON LAY DR,,
357,YUNG AN RD,,
847,JURONG WEST ST 81,,
752,JURONG WEST ST 74,,
701,PASIR RIS DR 10,,
708,PASIR RIS DR 10,,
581,PASIR RIS ST 53,,
583,PASIR RIS ST 53,,
148,MEI LING ST,,
317,TAMPINES ST 33,,
320,TAMPINES ST 33,,
338,TAMPINES ST 33,,
340,TAMPINES ST 33,,
171,LOR 1 TOA PAYOH,,
401,WOODLANDS ST 41,,
406,WOODLANDS ST 41,,
409,WOODLANDS ST 41,,
413,WOODLANDS ST 41,,
415,WOODLANDS ST 41,,
421,WOODLANDS ST 41,,
416,WOODLANDS ST 41,,
850,WOODLANDS ST 82,,
253A,ANG MO KIO ST 21,,
10B,BEDOK STH AVE 2,,
10C,BEDOK STH AVE 2,,
10D,BEDOK STH AVE 2,,
127,BT MERAH LANE 1,,
754,CHOA CHU KANG NTH 5,,
555,CHOA CHU KANG NTH 6,,
560,CHOA CHU KANG NTH 6,,
602,CHOA CHU KANG ST 62,,
601,CHOA CHU KANG ST 62,,
604,CHOA CHU KANG ST 62,,
33,BALAM RD,,
739,JURONG WEST ST 73,,
359,YUNG AN RD,,
845,JURONG WEST ST 81,,
848,JURONG WEST ST 81,,
850,JURONG WEST ST 81,,
853,JURONG WEST ST 81,,
760,JURONG WEST ST 74,,
761,JURONG WEST ST 74,,
709,PASIR RIS DR 10,,
718,PASIR RIS ST 72,,
722,PASIR RIS ST 72,,
612,ELIAS RD,,
707,PASIR RIS DR 10,,
719,PASIR RIS ST 72,,
578,PASIR RIS ST 53,,
582,PASIR RIS ST 53,,
586,PASIR RIS ST 53,,
133,CLARENCE LANE,,
316,TAMPINES ST 33,,
346,TAMPINES ST 33,,
348,TAMPINES ST 33,,
402,WOODLANDS ST 41,,
119,MARSILING RISE,,
875,WOODLANDS ST 82,,
410,WOODLANDS ST 41,,
414,WOODLANDS ST 41,,
403,WOODLANDS ST 41,,
404,WOODLANDS ST 41,,
310,YISHUN RING RD,,
607,CHOA CHU KANG ST 62,,
605,CHOA CHU KANG ST 62,,
606,CHOA CHU KANG ST 62,,
450,CLEMENTI AVE 3,,
706,JURONG WEST ST 71,,
260,BOON LAY DR,,
610,ELIAS RD,,
706,PASIR RIS DR 10,,
584,PASIR RIS ST 53,,
713,PASIR RIS ST 72,,
345,TAMPINES ST 33,,
363,TAMPINES ST 34,,
115,MARSILING RISE,,
417,WOODLANDS ST 41,,
839,WOODLANDS ST 82,,
405,WOODLANDS ST 41,,
411,WOODLANDS ST 41,,
114,MARSILING RISE,,
126,MARSILING RISE,,
609,CHOA CHU KANG ST 62,,
610,CHOA CHU KANG ST 62,,
42,CIRCUIT RD,,
705,JURONG WEST ST 71,,
707,JURONG WEST ST 71,,
852,JURONG WEST ST 81,,
613,ELIAS RD,,
723,PASIR RIS ST 72,,
756,PASIR RIS ST 71,,
714,PASIR RIS ST 72,,
710,PASIR RIS ST 72,,
359,TAMPINES ST 34,,
350,TAMPINES ST 33,,
408,WOODLANDS ST 41,,
872,WOODLANDS ST 81,,
873,WOODLANDS ST 81,,
841,WOODLANDS ST 82,,
844,WOODLANDS AVE 4,,
870,WOODLANDS ST 81,,
826,WOODLANDS ST 81,,
285,BT BATOK EAST AVE 3,,
612,CHOA CHU KANG ST 62,,
615,CHOA CHU KANG ST 62,,
616,CHOA CHU KANG ST 62,,
617,CHOA CHU KANG NTH 7,,
618,CHOA CHU KANG NTH 7,,
619,CHOA CHU KANG NTH 7,,
614,CHOA CHU KANG ST 62,,
851,JURONG WEST ST 81,,
574,PASIR RIS ST 53,,
615,ELIAS RD,,
755,PASIR RIS ST 71,,
577,PASIR RIS ST 53,,
721,PASIR RIS ST 72,,
725,PASIR RIS ST 72,,
129,CLARENCE LANE,,
352,TAMPINES ST 33,,
353,TAMPINES ST 33,,
360,TAMPINES ST 34,,
871,WOODLANDS ST 81,,
846,WOODLANDS AVE 4,,
342,WOODLANDS AVE 1,,
869,WOODLANDS ST 83,,
709,ANG MO KIO AVE 8,,
286,BT BATOK EAST AVE 3,,
621,CHOA CHU KANG ST 62,,
611,CHOA CHU KANG ST 62,,
620,CHOA CHU KANG ST 62,,
854,JURONG WEST ST 81,,
758,JURONG WEST ST 74,,
759,JURONG WEST ST 74,,
865,JURONG WEST ST 81,,
857,JURONG WEST ST 81,,
757,PASIR RIS ST 71,,
758,PASIR RIS ST 71,,
576,PASIR RIS ST 53,,
745,PASIR RIS ST 71,,
614,ELIAS RD,,
585,PASIR RIS ST 53,,
130,CLARENCE LANE,,
362,TAMPINES ST 34,,
124,MARSILING RISE,,
867,WOODLANDS ST 83,,
868,WOODLANDS ST 83,,
104A,ANG MO KIO ST 11,,
59,NEW UPP CHANGI RD,,
35,TELOK BLANGAH RISE,,
442,CLEMENTI AVE 3,,
446,CLEMENTI AVE 3,,
863,JURONG WEST ST 81,,
866,JURONG WEST ST 81,,
861,JURONG WEST ST 81,,
862,JURONG WEST ST 81,,
572,PASIR RIS ST 53,,
744,PASIR RIS ST 71,,
771,PASIR RIS ST 71,,
764,PASIR RIS ST 71,,
765,PASIR RIS ST 71,,
131,CLARENCE LANE,,
354,TAMPINES ST 33,,
355,TAMPINES ST 33,,
358,TAMPINES ST 33,,
86,LOR 2 TOA PAYOH,,
82,LOR 4 TOA PAYOH,,
80,LOR 4 TOA PAYOH,,
340,WOODLANDS AVE 1,,
836,WOODLANDS ST 83,,
339,WOODLANDS AVE 1,,
882,WOODLANDS ST 82,,
861,WOODLANDS ST 83,,
862,WOODLANDS ST 83,,
863,WOODLANDS ST 83,,
864,WOODLANDS ST 83,,
879,WOODLANDS ST 82,,
217,BEDOK NTH ST 1,,
13,JLN BT MERAH,,
757,JURONG WEST ST 74,,
756,JURONG WEST ST 74,,
860,JURONG WEST ST 81,,
573,PASIR RIS ST 53,,
746,PASIR RIS ST 71,,
754,PASIR RIS ST 71,,
763,PASIR RIS ST 71,,
720,PASIR RIS ST 72,,
347,TAMPINES ST 33,,
497B,TAMPINES ST 45,,
356,TAMPINES ST 33,,
497A,TAMPINES ST 45,,
84,LOR 2 TOA PAYOH,,
860,WOODLANDS ST 83,,
878,WOODLANDS AVE 9,,
858,WOODLANDS ST 83,,
827,WOODLANDS ST 81,,
657,JLN TENAGA,,
287,BT BATOK EAST AVE 3,,
134,JLN BT MERAH,,
764,JURONG WEST ST 74,,
755,JURONG WEST ST 74,,
159,YUNG PING RD,,
571,PASIR RIS ST 53,,
747,PASIR RIS ST 71,,
752,PASIR RIS ST 71,,
766,PASIR RIS ST 71,,
740,PASIR RIS ST 71,,
743,PASIR RIS ST 71,,
716,PASIR RIS ST 72,,
7,C'WEALTH AVE,,
7A,C'WEALTH AVE,,
19,QUEEN'S CL,,
20,QUEEN'S CL,,
22,QUEEN'S CL,,
497C,TAMPINES ST 45,,
361,TAMPINES ST 34,,
497G,TAMPINES ST 45,,
497H,TAMPINES ST 45,,
80A,LOR 4 TOA PAYOH,,
857,WOODLANDS ST 83,,
876,WOODLANDS AVE 9,,
877,WOODLANDS AVE 9,,
823,WOODLANDS ST 82,,
722,ANG MO KIO AVE 8,,
104B,ANG MO KIO ST 11,,
205,BEDOK NTH ST 1,,
208,NEW UPP CHANGI RD,,
654,JLN TENAGA,,
664,JLN DAMAI,,
665,JLN DAMAI,,
38,TELOK BLANGAH RISE,,
789,CHOA CHU KANG NTH 6,,
864,JURONG WEST ST 81,,
856,JURONG WEST ST 81,,
766,JURONG WEST ST 74,,
855,JURONG WEST ST 81,,
157,YUNG LOH RD,,
160,YUNG PING RD,,
859,JURONG WEST ST 81,,
66,KALLANG BAHRU,,
736,PASIR RIS DR 10,,
750,PASIR RIS ST 71,,
767,PASIR RIS ST 71,,
772,PASIR RIS ST 71,,
769,PASIR RIS ST 71,,
773,PASIR RIS ST 71,,
760,PASIR RIS ST 71,,
761,PASIR RIS ST 71,,
770,PASIR RIS ST 71,,
762,PASIR RIS ST 71,,
749,PASIR RIS ST 71,,
778,PASIR RIS ST 71,,
781,PASIR RIS ST 71,,
21,QUEEN'S CL,,
450E,TAMPINES ST 42,,
851,WOODLANDS ST 83,,
856,WOODLANDS ST 83,,
859,WOODLANDS ST 83,,
881,WOODLANDS ST 82,,
667,JLN DAMAI,,
668,JLN DAMAI,,
784,CHOA CHU KANG DR,,
786,CHOA CHU KANG DR,,
765,CHOA CHU KANG NTH 5,,
788,CHOA CHU KANG NTH 6,,
791,CHOA CHU KANG NTH 6,,
785,CHOA CHU KANG DR,,
768,CHOA CHU KANG ST 54,,
201,HOUGANG ST 21,,
104,JURONG EAST ST 13,,
155,YUNG LOH RD,,
156,YUNG LOH RD,,
158,YUNG LOH RD,,
161,YUNG PING RD,,
162,YUNG PING RD,,
163,YUNG PING RD,,
570,PASIR RIS ST 53,,
741,PASIR RIS ST 71,,
768,PASIR RIS ST 71,,
742,PASIR RIS ST 71,,
782,PASIR RIS ST 71,,
450C,TAMPINES ST 42,,
82A,LOR 4 TOA PAYOH,,
80B,LOR 4 TOA PAYOH,,
880,WOODLANDS ST 82,,
713,ANG MO KIO AVE 6,,
704,ANG MO KIO AVE 8,,
204,BEDOK NTH ST 1,,
672,JLN DAMAI,,
655,JLN TENAGA,,
12,JLN BT MERAH,,
139,JLN BT MERAH,,
81,REDHILL LANE,,
135,JLN BT MERAH,,
771,CHOA CHU KANG ST 54,,
792,CHOA CHU KANG NTH 6,,
787,CHOA CHU KANG NTH 6,,
765,JURONG WEST ST 74,,
67,KALLANG BAHRU,,
737,PASIR RIS DR 10,,
748,PASIR RIS ST 71,,
751,PASIR RIS ST 71,,
776,PASIR RIS ST 71,,
777,PASIR RIS ST 71,,
774,PASIR RIS ST 71,,
450F,TAMPINES ST 42,,
82B,LOR 4 TOA PAYOH,,
865,WOODLANDS ST 83,,
720,ANG MO KIO AVE 6,,
705,ANG MO KIO AVE 8,,
203,BEDOK NTH ST 1,,
652,JLN TENAGA,,
124A,BT MERAH VIEW,,
82,REDHILL LANE,,
83,REDHILL LANE,,
766,CHOA CHU KANG NTH 5,,
790,CHOA CHU KANG NTH 6,,
767,CHOA CHU KANG ST 54,,
352,KANG CHING RD,,
331,TAH CHING RD,,
333,KANG CHING RD,,
739,PASIR RIS DR 10,,
245,SIMEI ST 5,,
246,SIMEI ST 5,,
450D,TAMPINES ST 42,,
369,WOODLANDS AVE 1,,
367,WOODLANDS AVE 5,,
894A,WOODLANDS DR 50,,
894D,WOODLANDS DR 50,,
891A,WOODLANDS DR 50,,
670,JLN DAMAI,,
653,JLN TENAGA,,
656,JLN TENAGA,,
661,JLN DAMAI,,
45,TELOK BLANGAH DR,,
108,HOUGANG AVE 1,,
354,KANG CHING RD,,
355,KANG CHING RD,,
334,KANG CHING RD,,
253,SIMEI ST 1,,
254,SIMEI ST 1,,
244,SIMEI ST 5,,
450A,TAMPINES ST 42,,
498E,TAMPINES ST 45,,
498H,TAMPINES ST 45,,
498J,TAMPINES ST 45,,
255,SIMEI ST 1,,
498D,TAMPINES ST 45,,
84B,LOR 2 TOA PAYOH,,
81A,LOR 4 TOA PAYOH,,
81B,LOR 4 TOA PAYOH,,
366,WOODLANDS AVE 5,,
703,WOODLANDS DR 40,,
704,WOODLANDS DR 40,,
707,WOODLANDS DR 40,,
371,WOODLANDS AVE 1,,
894C,WOODLANDS DR 50,,
891B,WOODLANDS DR 50,,
359,WOODLANDS AVE 5,,
617,ANG MO KIO AVE 4,,
613,ANG MO KIO AVE 4,,
614,ANG MO KIO AVE 4,,
651,JLN TENAGA,,
666,JLN DAMAI,,
671,JLN DAMAI,,
124B,BT MERAH VIEW,,
769,CHOA CHU KANG ST 54,,
770,CHOA CHU KANG ST 54,,
852,HOUGANG CTRL,,
353,KANG CHING RD,,
326,TAH CHING RD,,
4C,ST. GEORGE'S LANE,,
8,LOR LEW LIAN,,
247,SIMEI ST 5,,
450G,TAMPINES ST 42,,
498B,TAMPINES ST 45,,
498F,TAMPINES ST 45,,
364,WOODLANDS AVE 5,,
701,WOODLANDS DR 40,,
894B,WOODLANDS DR 50,,
892A,WOODLANDS DR 50,,
892B,WOODLANDS DR 50,,
712,WOODLANDS DR 70,,
709,WOODLANDS DR 70,,
360,WOODLANDS AVE 5,,
361,WOODLANDS AVE 5,,
619,ANG MO KIO AVE 4,,
669,JLN DAMAI,,
29,CHAI CHEE AVE,,
188,BT BATOK WEST AVE 6,,
189,BT BATOK WEST AVE 6,,
125,BT MERAH VIEW,,
838,HOUGANG CTRL,,
567,HOUGANG ST 51,,
568,HOUGANG ST 51,,
571,HOUGANG ST 51,,
851,HOUGANG CTRL,,
324,TAH CHING RD,,
335,KANG CHING RD,,
256,SIMEI ST 1,,
243,SIMEI ST 5,,
366,TAMPINES ST 34,,
713,TAMPINES ST 71,,
498A,TAMPINES ST 45,,
498G,TAMPINES ST 45,,
498L,TAMPINES ST 45,,
242,SIMEI ST 5,,
84A,LOR 2 TOA PAYOH,,
370,WOODLANDS AVE 1,,
363,WOODLANDS AVE 5,,
365,WOODLANDS AVE 5,,
708,WOODLANDS DR 70,,
711,WOODLANDS DR 70,,
604,WOODLANDS DR 42,,
705,WOODLANDS DR 40,,
713,WOODLANDS DR 70,,
357,WOODLANDS AVE 5,,
764,CHOA CHU KANG NTH 5,,
575,HOUGANG ST 51,,
850,HOUGANG CTRL,,
853,HOUGANG CTRL,,
323,TAH CHING RD,,
336,TAH CHING RD,,
332,TAH CHING RD,,
4B,ST. GEORGE'S LANE,,
553,SERANGOON NTH AVE 3,,
365,TAMPINES ST 34,,
714,TAMPINES ST 71,,
498M,TAMPINES ST 45,,
716,TAMPINES ST 71,,
368,WOODLANDS AVE 1,,
706,WOODLANDS DR 40,,
710,WOODLANDS DR 70,,
893B,WOODLANDS DR 50,,
893C,WOODLANDS DR 50,,
112,WOODLANDS ST 13,,
893A,WOODLANDS DR 50,,
314,ANG MO KIO AVE 3,,
618,ANG MO KIO AVE 4,,
29A,CHAI CHEE AVE,,
193,BT BATOK WEST AVE 6,,
191,BT BATOK WEST AVE 6,,
625,CHOA CHU KANG ST 62,,
627,CHOA CHU KANG ST 62,,
836,HOUGANG CTRL,,
572,HOUGANG ST 51,,
569,HOUGANG ST 51,,
327,TAH CHING RD,,
367A,TAMPINES ST 34,,
369,TAMPINES ST 34,,
721,TAMPINES ST 71,,
892,TAMPINES AVE 8,,
81,LOR 4 TOA PAYOH,,
702,WOODLANDS DR 40,,
895A,WOODLANDS DR 50,,
601,WOODLANDS DR 42,,
714,WOODLANDS DR 70,,
356,WOODLANDS AVE 5,,
728,ANG MO KIO AVE 6,,
192,BT BATOK WEST AVE 6,,
437,FAJAR RD,,
452,FAJAR RD,,
626,CHOA CHU KANG ST 62,,
27,BALAM RD,,
29,BALAM RD,,
56,CASSIA CRES,,
570,HOUGANG ST 51,,
346,KANG CHING RD,,
328,TAH CHING RD,,
554,SERANGOON NTH AVE 3,,
507,SERANGOON NTH AVE 4,,
552,SERANGOON NTH AVE 3,,
364,TAMPINES ST 34,,
368,TAMPINES ST 34,,
701,TAMPINES ST 71,,
707,TAMPINES ST 71,,
734,TAMPINES ST 71,,
711,TAMPINES ST 71,,
715,TAMPINES ST 71,,
896A,WOODLANDS DR 50,,
896C,WOODLANDS DR 50,,
896B,WOODLANDS DR 50,,
190,BT BATOK WEST AVE 6,,
38,JLN RUMAH TINGGI,,
449,BT PANJANG RING RD,,
450,BT PANJANG RING RD,,
508,JELAPANG RD,,
451,FAJAR RD,,
762,CHOA CHU KANG NTH 5,,
28,BALAM RD,,
574,HOUGANG ST 51,,
348,KANG CHING RD,,
325,TAH CHING RD,,
4,BOON KENG RD,,
83,STRATHMORE AVE,,
549,SERANGOON NTH AVE 3,,
551,SERANGOON NTH AVE 3,,
511,SERANGOON NTH AVE 4,,
891A,TAMPINES AVE 8,,
724,TAMPINES ST 71,,
733,TAMPINES ST 71,,
706,TAMPINES ST 71,,
893A,TAMPINES AVE 8,,
895C,WOODLANDS DR 50,,
897B,WOODLANDS DR 50,,
897C,WOODLANDS DR 50,,
715,WOODLANDS DR 70,,
605,WOODLANDS DR 42,,
362,WOODLANDS AVE 5,,
299,BT BATOK ST 22,,
39,JLN RUMAH TINGGI,,
126,BT MERAH VIEW,,
84,TELOK BLANGAH HTS,,
448,BT PANJANG RING RD,,
763,CHOA CHU KANG NTH 5,,
837,HOUGANG CTRL,,
909,HOUGANG ST 91,,
345,KANG CHING RD,,
347,KANG CHING RD,,
321,TAH CHING RD,,
508,SERANGOON NTH AVE 4,,
370,TAMPINES ST 34,,
367,TAMPINES ST 34,,
709,TAMPINES ST 71,,
710,TAMPINES ST 71,,
712,TAMPINES ST 71,,
702,TAMPINES ST 71,,
704,TAMPINES ST 71,,
705,TAMPINES ST 71,,
732,TAMPINES ST 71,,
892A,TAMPINES AVE 8,,
35,LOR 5 TOA PAYOH,,
719,WOODLANDS AVE 6,,
602,WOODLANDS DR 42,,
603,WOODLANDS DR 42,,
898A,WOODLANDS DR 50,,
899B,WOODLANDS DR 50,,
428,WOODLANDS ST 41,,
436,WOODLANDS ST 41,,
721,ANG MO KIO AVE 8,,
625,BT BATOK CTRL,,
297,BT BATOK ST 22,,
298,BT BATOK ST 22,,
40,JLN RUMAH TINGGI,,
447,BT PANJANG RING RD,,
573,HOUGANG ST 51,,
322,TAH CHING RD,,
30,HOLLAND CL,,
545,SERANGOON NTH AVE 3,,
550,SERANGOON NTH AVE 3,,
509,SERANGOON NTH AVE 4,,
512,SERANGOON NTH AVE 4,,
510,SERANGOON NTH AVE 4,,
544,SERANGOON NTH AVE 3,,
891,TAMPINES AVE 8,,
708,TAMPINES ST 71,,
703,TAMPINES ST 71,,
726,TAMPINES ST 71,,
727,TAMPINES ST 71,,
731,TAMPINES ST 71,,
725,TAMPINES ST 71,,
736,TAMPINES ST 72,,
37,LOR 5 TOA PAYOH,,
720,WOODLANDS AVE 6,,
895B,WOODLANDS DR 50,,
897A,WOODLANDS DR 50,,
898B,WOODLANDS DR 50,,
899C,WOODLANDS DR 50,,
716,WOODLANDS DR 70,,
717,WOODLANDS DR 70,,
739,WOODLANDS CIRCLE,,
429,WOODLANDS ST 41,,
437,WOODLANDS ST 41,,
790,WOODLANDS AVE 6,,
157,ANG MO KIO AVE 4,,
163,ANG MO KIO AVE 4,,
702,ANG MO KIO AVE 8,,
440,FAJAR RD,,
910,HOUGANG ST 91,,
913,HOUGANG ST 91,,
578,HOUGANG AVE 4,,
579,HOUGANG AVE 4,,
114,JURONG EAST ST 13,,
237,JURONG EAST ST 21,,
330,TAH CHING RD,,
5,BOON KENG RD,,
30A,HOLLAND CL,,
548,SERANGOON NTH AVE 3,,
728,TAMPINES ST 71,,
741,WOODLANDS CIRCLE,,
734,WOODLANDS CIRCLE,,
731,WOODLANDS CIRCLE,,
899A,WOODLANDS DR 50,,
106,YISHUN RING RD,,
539,BEDOK NTH ST 3,,
576,HOUGANG AVE 4,,
912,HOUGANG ST 91,,
577,HOUGANG AVE 4,,
366,CORPORATION DR,,
82,STRATHMORE AVE,,
36,LOR 5 TOA PAYOH,,
722,WOODLANDS AVE 6,,
742,WOODLANDS CIRCLE,,
732,WOODLANDS CIRCLE,,
727,WOODLANDS CIRCLE,,
159,ANG MO KIO AVE 4,,
623,BT BATOK CTRL,,
442,FAJAR RD,,
176,LOMPANG RD,,
92A,PIPIT RD,,
911,HOUGANG ST 91,,
367,CORPORATION DR,,
6,BOON KENG RD,,
729,TAMPINES ST 71,,
893,TAMPINES AVE 8,,
718,WOODLANDS AVE 6,,
740,WOODLANDS CIRCLE,,
744,WOODLANDS CIRCLE,,
745,WOODLANDS CIRCLE,,
736,WOODLANDS CIRCLE,,
733,WOODLANDS CIRCLE,,
726,WOODLANDS CIRCLE,,
796,WOODLANDS DR 72,,
743,WOODLANDS CIRCLE,,
728,WOODLANDS CIRCLE,,
723,WOODLANDS AVE 6,,
725,WOODLANDS AVE 6,,
788,WOODLANDS AVE 6,,
624,BT BATOK CTRL,,
626,BT BATOK CTRL,,
174,LOMPANG RD,,
643,CHOA CHU KANG ST 64,,
638,CHOA CHU KANG ST 64,,
92,PIPIT RD,,
914,HOUGANG ST 91,,
915,HOUGANG ST 91,,
365,CORPORATION DR,,
547,SERANGOON NTH AVE 3,,
730,TAMPINES ST 71,,
738,TAMPINES ST 72,,
739,TAMPINES ST 72,,
740,TAMPINES ST 72,,
352,WOODLANDS AVE 1,,
354,WOODLANDS AVE 1,,
791,WOODLANDS AVE 6,,
724,WOODLANDS AVE 6,,
735,WOODLANDS CIRCLE,,
721,WOODLANDS CIRCLE,,
737,WOODLANDS CIRCLE,,
729,WOODLANDS CIRCLE,,
730,WOODLANDS CIRCLE,,
353,WOODLANDS AVE 1,,
789,WOODLANDS AVE 6,,
797,WOODLANDS DR 72,,
158,ANG MO KIO AVE 4,,
290F,BT BATOK ST 24,,
290B,BT BATOK ST 24,,
173,GANGSA RD,,
175,LOMPANG RD,,
635,CHOA CHU KANG NTH 6,,
636,CHOA CHU KANG NTH 6,,
639,CHOA CHU KANG ST 64,,
580,HOUGANG AVE 4,,
543,SERANGOON NTH AVE 3,,
792,WOODLANDS AVE 6,,
793,WOODLANDS AVE 6,,
746,WOODLANDS CIRCLE,,
747,WOODLANDS CIRCLE,,
748,WOODLANDS CIRCLE,,
738,WOODLANDS CIRCLE,,
751,WOODLANDS CIRCLE,,
290G,BT BATOK ST 24,,
291A,BT BATOK ST 24,,
627,BT BATOK CTRL,,
290C,BT BATOK EAST AVE 3,,
2,JLN BT HO SWEE,,
151,JLN TECK WHYE,,
155,JLN TECK WHYE,,
631,CHOA CHU KANG NTH 6,,
637,CHOA CHU KANG NTH 6,,
641,CHOA CHU KANG ST 64,,
154,JLN TECK WHYE,,
55,PIPIT RD,,
735,TAMPINES ST 72,,
742,TAMPINES ST 72,,
351,WOODLANDS AVE 1,,
355,WOODLANDS AVE 1,,
752,WOODLANDS CIRCLE,,
787B,WOODLANDS CRES,,
794,WOODLANDS DR 72,,
786B,WOODLANDS DR 60,,
787E,WOODLANDS CRES,,
786C,WOODLANDS DR 60,,
795,WOODLANDS DR 72,,
290D,BT BATOK EAST AVE 3,,
291D,BT BATOK ST 24,,
291B,BT BATOK ST 24,,
290E,BT BATOK ST 24,,
628,BT BATOK CTRL,,
158,JLN TECK WHYE,,
152,JLN TECK WHYE,,
634,CHOA CHU KANG NTH 6,,
640,CHOA CHU KANG ST 64,,
642,CHOA CHU KANG ST 64,,
163,JLN TECK WHYE,,
56,PIPIT RD,,
166,HOUGANG AVE 1,,
4,CHANGI VILLAGE RD,,
546,SERANGOON NTH AVE 3,,
720,TAMPINES ST 72,,
750,WOODLANDS AVE 4,,
755,WOODLANDS AVE 4,,
787D,WOODLANDS CRES,,
786F,WOODLANDS DR 60,,
757,WOODLANDS AVE 4,,
798,WOODLANDS DR 72,,
291E,BT BATOK ST 24,,
290A,BT BATOK ST 24,,
288D,BT BATOK ST 25,,
288B,BT BATOK ST 25,,
170,GANGSA RD,,
446,CHOA CHU KANG AVE 4,,
159,JLN TECK WHYE,,
442,CHOA CHU KANG AVE 4,,
167,HOUGANG AVE 1,,
172,HOUGANG AVE 1,,
173,HOUGANG AVE 1,,
917,HOUGANG AVE 9,,
918,HOUGANG AVE 9,,
158,HOUGANG ST 11,,
350,CORPORATION DR,,
693,JURONG WEST CTRL 1,,
695,JURONG WEST CTRL 1,,
696,JURONG WEST CTRL 1,,
5,CHANGI VILLAGE RD,,
741,TAMPINES ST 72,,
722,TAMPINES ST 72,,
723,TAMPINES ST 72,,
749,WOODLANDS CIRCLE,,
753,WOODLANDS CIRCLE,,
787C,WOODLANDS CRES,,
786D,WOODLANDS DR 60,,
427,WOODLANDS ST 41,,
786E,WOODLANDS DR 60,,
613A,BEDOK RESERVOIR RD,,
291C,BT BATOK ST 24,,
289A,BT BATOK ST 25,,
10,JLN BT HO SWEE,,
504,JELAPANG RD,,
512,JELAPANG RD,,
150,JLN TECK WHYE,,
443,CHOA CHU KANG AVE 4,,
156,JLN TECK WHYE,,
168,HOUGANG AVE 1,,
171,HOUGANG AVE 1,,
923,HOUGANG AVE 9,,
160,HOUGANG ST 11,,
922,HOUGANG ST 91,,
165,HOUGANG AVE 1,,
368,CORPORATION DR,,
694,JURONG WEST CTRL 1,,
329,TAH CHING RD,,
717,TAMPINES ST 72,,
754,WOODLANDS CIRCLE,,
425,WOODLANDS ST 41,,
758,WOODLANDS AVE 6,,
613B,BEDOK RESERVOIR RD,,
289B,BT BATOK ST 25,,
288A,BT BATOK ST 25,,
171,GANGSA RD,,
506,JELAPANG RD,,
444,CHOA CHU KANG AVE 4,,
157,JLN TECK WHYE,,
632,CHOA CHU KANG NTH 6,,
633,CHOA CHU KANG NTH 6,,
448,CHOA CHU KANG AVE 4,,
169,HOUGANG AVE 1,,
170,HOUGANG AVE 1,,
161,HOUGANG ST 11,,
920,HOUGANG ST 91,,
692,JURONG WEST CTRL 1,,
109,WHAMPOA RD,,
718,TAMPINES ST 72,,
756,WOODLANDS AVE 4,,
762,WOODLANDS AVE 6,,
661,WOODLANDS RING RD,,
663,WOODLANDS RING RD,,
424,WOODLANDS ST 41,,
426,WOODLANDS ST 41,,
293,BISHAN ST 22,,
289,BISHAN ST 24,,
288,BISHAN ST 24,,
172,GANGSA RD,,
507,JELAPANG RD,,
511,JELAPANG RD,,
503,JELAPANG RD,,
160,JLN TECK WHYE,,
484A,CHOA CHU KANG AVE 5,,
919,HOUGANG AVE 4,,
921,HOUGANG ST 91,,
916,HOUGANG AVE 9,,
110,WHAMPOA RD,,
719,TAMPINES ST 72,,
11,LOR 8 TOA PAYOH,,
761,WOODLANDS AVE 6,,
662,WOODLANDS RING RD,,
664,WOODLANDS RING RD,,
773,WOODLANDS DR 60,,
760,WOODLANDS AVE 6,,
290,BISHAN ST 24,,
291,BISHAN ST 24,,
292,BISHAN ST 22,,
288G,BT BATOK ST 25,,
514,JELAPANG RD,,
522,JELAPANG RD,,
510,JELAPANG RD,,
447,CHOA CHU KANG AVE 4,,
445,CHOA CHU KANG AVE 4,,
162,JLN TECK WHYE,,
30,CASSIA CRES,,
274,TOH GUAN RD,,
280,TOH GUAN RD,,
287D,JURONG EAST ST 21,,
640,JURONG WEST ST 61,,
641,JURONG WEST ST 61,,
688,JURONG WEST CTRL 1,,
689,JURONG WEST CTRL 1,,
111,WHAMPOA RD,,
1,CHANGI VILLAGE RD,,
10B,LOR 7 TOA PAYOH,,
14B,LOR 7 TOA PAYOH,,
759,WOODLANDS AVE 6,,
763,WOODLANDS AVE 6,,
659,WOODLANDS RING RD,,
660,WOODLANDS RING RD,,
658,WOODLANDS RING RD,,
528,WOODLANDS DR 14,,
288C,BT BATOK ST 25,,
520,JELAPANG RD,,
524,JELAPANG RD,,
509,JELAPANG RD,,
516,JELAPANG RD,,
164,JLN TECK WHYE,,
28,CASSIA CRES,,
159,HOUGANG ST 11,,
926,HOUGANG ST 91,,
929,HOUGANG ST 91,,
930,HOUGANG ST 91,,
941,HOUGANG ST 92,,
938,HOUGANG ST 92,,
939,HOUGANG ST 92,,
940,HOUGANG ST 92,,
286A,TOH GUAN RD,,
276,TOH GUAN RD,,
275,TOH GUAN RD,,
277,TOH GUAN RD,,
285B,TOH GUAN RD,,
287C,JURONG EAST ST 21,,
639,JURONG WEST ST 61,,
646,JURONG WEST ST 61,,
687,JURONG WEST CTRL 1,,
181,STIRLING RD,,
14,LOR 7 TOA PAYOH,,
651,WOODLANDS RING RD,,
654,WOODLANDS RING RD,,
513,JELAPANG RD,,
528,JELAPANG RD,,
9,PINE CL,,
931,HOUGANG ST 91,,
937,HOUGANG ST 92,,
286D,TOH GUAN RD,,
279,TOH GUAN RD,,
283,TOH GUAN RD,,
287A,JURONG EAST ST 21,,
286B,TOH GUAN RD,,
647,JURONG WEST ST 61,,
691,JURONG WEST CTRL 1,,
10,LOR 7 TOA PAYOH,,
644,WOODLANDS RING RD,,
630,WOODLANDS RING RD,,
631,WOODLANDS RING RD,,
678,WOODLANDS AVE 6,,
656,WOODLANDS RING RD,,
629,ANG MO KIO AVE 4,,
551,BEDOK NTH AVE 1,,
140,BEDOK NTH ST 2,,
518,JELAPANG RD,,
515,JELAPANG RD,,
525,JELAPANG RD,,
527,JELAPANG RD,,
526,JELAPANG RD,,
106,HOUGANG AVE 1,,
936,HOUGANG ST 92,,
928,HOUGANG ST 91,,
287B,JURONG EAST ST 21,,
286C,TOH GUAN RD,,
40,CAMBRIDGE RD,,
779,WOODLANDS CRES,,
778,WOODLANDS DR 60,,
653,WOODLANDS RING RD,,
657,WOODLANDS RING RD,,
649,WOODLANDS RING RD,,
650,WOODLANDS RING RD,,
632,BEDOK RESERVOIR RD,,
289D,BT BATOK ST 25,,
517,JELAPANG RD,,
523,JELAPANG RD,,
530,JELAPANG RD,,
673,CHOA CHU KANG CRES,,
671,CHOA CHU KANG CRES,,
925,HOUGANG ST 91,,
269,TOH GUAN RD,,
278,TOH GUAN RD,,
284,TOH GUAN RD,,
282,TOH GUAN RD,,
285A,TOH GUAN RD,,
285D,TOH GUAN RD,,
690,JURONG WEST CTRL 1,,
267,BOON LAY DR,,
39,CAMBRIDGE RD,,
59A,GEYLANG BAHRU,,
59B,GEYLANG BAHRU,,
3A,HOLLAND CL,,
7,LOR 7 TOA PAYOH,,
6,LOR 7 TOA PAYOH,,
14A,LOR 7 TOA PAYOH,,
677,WOODLANDS AVE 6,,
679,WOODLANDS AVE 6,,
680,WOODLANDS AVE 6,,
776,WOODLANDS CRES,,
777,WOODLANDS CRES,,
655,WOODLANDS RING RD,,
645,WOODLANDS RING RD,,
629,WOODLANDS RING RD,,
774,WOODLANDS CRES,,
775,WOODLANDS CRES,,
630,ANG MO KIO AVE 4,,
56,NEW UPP CHANGI RD,,
289F,BT BATOK ST 25,,
519,JELAPANG RD,,
521,JELAPANG RD,,
474,CHOA CHU KANG AVE 3,,
667,CHOA CHU KANG CRES,,
70,CIRCUIT RD,,
71,CIRCUIT RD,,
72,CIRCUIT RD,,
946,HOUGANG ST 92,,
266,TOH GUAN RD,,
281,TOH GUAN RD,,
285C,TOH GUAN RD,,
38,CAMBRIDGE RD,,
59C,GEYLANG BAHRU,,
3,HOLLAND CL,,
321,SEMBAWANG CL,,
307,CANBERRA RD,,
310,CANBERRA RD,,
628B,WOODLANDS RING RD,,
627,WOODLANDS AVE 6,,
652,WOODLANDS RING RD,,
289C,BT BATOK ST 25,,
505,JELAPANG RD,,
531,JELAPANG RD,,
532,JELAPANG RD,,
471,CHOA CHU KANG AVE 3,,
924,HOUGANG AVE 9,,
927,HOUGANG ST 91,,
943,HOUGANG ST 92,,
945,HOUGANG ST 92,,
268,TOH GUAN RD,,
273,TOH GUAN RD,,
643,JURONG WEST ST 61,,
37,CAMBRIDGE RD,,
5,HOLLAND CL,,
308,CANBERRA RD,,
337,SEMBAWANG CRES,,
315,SEMBAWANG VISTA,,
316,SEMBAWANG VISTA,,
302,CANBERRA RD,,
305,CANBERRA RD,,
232A,SERANGOON AVE 2,,
769,WOODLANDS DR 60,,
771,WOODLANDS DR 60,,
628A,WOODLANDS RING RD,,
529,JELAPANG RD,,
473,CHOA CHU KANG AVE 3,,
942,HOUGANG ST 92,,
944,HOUGANG ST 92,,
115,HO CHING RD,,
60,GEYLANG BAHRU,,
300,CANBERRA RD,,
325,SEMBAWANG CRES,,
326,SEMBAWANG CRES,,
327,SEMBAWANG CRES,,
328,SEMBAWANG CRES,,
317,SEMBAWANG VISTA,,
318,SEMBAWANG VISTA,,
304,CANBERRA RD,,
309,CANBERRA RD,,
234,COMPASSVALE WALK,,
140,RIVERVALE ST,,
610,WOODLANDS AVE 4,,
501,WOODLANDS DR 14,,
770,WOODLANDS DR 60,,
772,WOODLANDS DR 60,,
643,WOODLANDS RING RD,,
606,WOODLANDS RING RD,,
609,WOODLANDS RING RD,,
611,WOODLANDS RING RD,,
684C,WOODLANDS DR 62,,
288E,BT BATOK ST 25,,
469,CHOA CHU KANG AVE 3,,
470,CHOA CHU KANG AVE 3,,
669,CHOA CHU KANG CRES,,
68,CIRCUIT RD,,
962,HOUGANG AVE 9,,
271,TOH GUAN RD,,
270,TOH GUAN RD,,
349,CORPORATION DR,,
303,CANBERRA RD,,
322,SEMBAWANG CL,,
408,SEMBAWANG DR,,
135,RIVERVALE ST,,
255,SERANGOON CTRL DR,,
236A,SERANGOON AVE 2,,
503,WOODLANDS DR 14,,
626,WOODLANDS AVE 6,,
554,WOODLANDS DR 53,,
527,WOODLANDS DR 14,,
625B,WOODLANDS DR 52,,
607,WOODLANDS RING RD,,
788E,WOODLANDS CRES,,
502,JELAPANG RD,,
472,CHOA CHU KANG AVE 3,,
484C,CHOA CHU KANG AVE 5,,
675,CHOA CHU KANG CRES,,
265,TOH GUAN RD,,
644,JURONG WEST ST 61,,
517C,JURONG WEST ST 52,,
311,CANBERRA RD,,
313,SEMBAWANG DR,,
323,SEMBAWANG CL,,
235,COMPASSVALE WALK,,
136,RIVERVALE ST,,
256,SERANGOON CTRL DR,,
258,SERANGOON CTRL DR,,
608,WOODLANDS RING RD,,
511,WOODLANDS DR 14,,
502A,WOODLANDS DR 14,,
512,WOODLANDS DR 14,,
632,ANG MO KIO AVE 4,,
289E,BT BATOK ST 25,,
289G,BT BATOK ST 25,,
35,JLN RUMAH TINGGI,,
501,JELAPANG RD,,
543,JELAPANG RD,,
484B,CHOA CHU KANG AVE 5,,
484D,CHOA CHU KANG AVE 5,,
674,CHOA CHU KANG CRES,,
267,TOH GUAN RD,,
272,TOH GUAN RD,,
351,CORPORATION DR,,
319,SEMBAWANG CL,,
320,SEMBAWANG CL,,
312,SEMBAWANG DR,,
104,RIVERVALE WALK,,
129,RIVERVALE ST,,
137,RIVERVALE ST,,
257,SERANGOON CTRL DR,,
612,WOODLANDS AVE 4,,
617,WOODLANDS AVE 4,,
510,WOODLANDS DR 14,,
515,WOODLANDS DR 14,,
502,WOODLANDS DR 14,,
646,WOODLANDS RING RD,,
545,BT PANJANG RING RD,,
534,JELAPANG RD,,
536,JELAPANG RD,,
538,JELAPANG RD,,
483,CHOA CHU KANG AVE 5,,
676,CHOA CHU KANG CRES,,
676A,CHOA CHU KANG CRES,,
671A,CHOA CHU KANG CRES,,
699B,HOUGANG ST 52,,
13,UPP BOON KENG RD,,
314,SEMBAWANG DR,,
324,SEMBAWANG CL,,
224D,COMPASSVALE WALK,,
206A,COMPASSVALE LANE,,
233,COMPASSVALE WALK,,
229,COMPASSVALE WALK,,
139,RIVERVALE ST,,
234A,SERANGOON AVE 2,,
504,WOODLANDS DR 14,,
506,WOODLANDS DR 14,,
634,WOODLANDS RING RD,,
639,WOODLANDS RING RD,,
509,WOODLANDS DR 14,,
531,WOODLANDS DR 14,,
682A,WOODLANDS DR 62,,
624A,WOODLANDS DR 52,,
625A,WOODLANDS DR 52,,
788B,WOODLANDS CRES,,
533,BT PANJANG RING RD,,
541,BT PANJANG RING RD,,
152,GANGSA RD,,
540,JELAPANG RD,,
167,PETIR RD,,
542,JELAPANG RD,,
544,JELAPANG RD,,
484,CHOA CHU KANG AVE 5,,
485,CHOA CHU KANG AVE 5,,
670,CHOA CHU KANG CRES,,
485B,CHOA CHU KANG AVE 5,,
953,HOUGANG AVE 9,,
956,HOUGANG ST 91,,
14A,UPP BOON KENG RD,,
306,CANBERRA RD,,
230,COMPASSVALE WALK,,
231,COMPASSVALE WALK,,
232,COMPASSVALE WALK,,
126,RIVERVALE ST,,
141,RIVERVALE ST,,
124B,RIVERVALE DR,,
124C,RIVERVALE DR,,
124,RIVERVALE DR,,
56,LOR 4 TOA PAYOH,,
508,WOODLANDS DR 14,,
624B,WOODLANDS DR 52,,
638,WOODLANDS RING RD,,
640,WOODLANDS RING RD,,
513,WOODLANDS DR 14,,
514,WOODLANDS DR 14,,
516,WOODLANDS DR 14,,
530,WOODLANDS DR 14,,
532,WOODLANDS DR 14,,
533,WOODLANDS DR 14,,
534,WOODLANDS DR 14,,
535,WOODLANDS DR 14,,
788C,WOODLANDS CRES,,
288F,BT BATOK ST 25,,
36,JLN RUMAH TINGGI,,
537,BT PANJANG RING RD,,
168,PETIR RD,,
605,SENJA RD,,
535,BT PANJANG RING RD,,
485A,CHOA CHU KANG AVE 5,,
485D,CHOA CHU KANG AVE 5,,
486,CHOA CHU KANG AVE 5,,
296,CHOA CHU KANG AVE 2,,
296A,CHOA CHU KANG AVE 2,,
296E,CHOA CHU KANG AVE 2,,
673A,CHOA CHU KANG CRES,,
485C,CHOA CHU KANG AVE 5,,
670A,CHOA CHU KANG CRES,,
951,HOUGANG AVE 9,,
957,HOUGANG ST 91,,
642,JURONG WEST ST 61,,
607,JURONG WEST ST 65,,
336,SEMBAWANG CRES,,
206C,COMPASSVALE LANE,,
224A,COMPASSVALE WALK,,
236,COMPASSVALE WALK,,
239,COMPASSVALE WALK,,
225A,COMPASSVALE WALK,,
123D,RIVERVALE DR,,
130,RIVERVALE ST,,
132,RIVERVALE ST,,
105,RIVERVALE WALK,,
240,COMPASSVALE WALK,,
133,RIVERVALE ST,,
205A,COMPASSVALE LANE,,
153A,LOR 1 TOA PAYOH,,
613,WOODLANDS AVE 4,,
615,WOODLANDS AVE 4,,
505,WOODLANDS DR 14,,
507,WOODLANDS DR 14,,
556,WOODLANDS DR 53,,
633,WOODLANDS RING RD,,
618,WOODLANDS AVE 4,,
619,WOODLANDS DR 52,,
529,WOODLANDS DR 14,,
163,GANGSA RD,,
165,GANGSA RD,,
166,GANGSA RD,,
603,SENJA RD,,
601,SENJA RD,,
153,GANGSA RD,,
155,GANGSA RD,,
296B,CHOA CHU KANG AVE 2,,
672,CHOA CHU KANG CRES,,
698A,HOUGANG ST 61,,
958,HOUGANG ST 91,,
14,UPP BOON KENG RD,,
335,SEMBAWANG CL,,
338,SEMBAWANG CRES,,
241,COMPASSVALE WALK,,
149,RIVERVALE CRES,,
123E,RIVERVALE DR,,
124A,RIVERVALE DR,,
107,RIVERVALE WALK,,
134,RIVERVALE ST,,
103,RIVERVALE WALK,,
58,LOR 4 TOA PAYOH,,
614,WOODLANDS AVE 4,,
632,WOODLANDS RING RD,,
536,WOODLANDS DR 14,,
788D,WOODLANDS CRES,,
539,BT PANJANG RING RD,,
677,CHOA CHU KANG CRES,,
679,CHOA CHU KANG CRES,,
681,CHOA CHU KANG CRES,,
682,CHOA CHU KANG CRES,,
952,HOUGANG AVE 9,,
699C,HOUGANG ST 52,,
955,HOUGANG AVE 9,,
699,HOUGANG ST 52,,
699A,HOUGANG ST 52,,
288E,JURONG EAST ST 21,,
330,SEMBAWANG CL,,
333,SEMBAWANG CL,,
206B,COMPASSVALE LANE,,
226A,COMPASSVALE WALK,,
145,RIVERVALE DR,,
127,RIVERVALE ST,,
223C,COMPASSVALE WALK,,
238,COMPASSVALE WALK,,
225B,COMPASSVALE WALK,,
148,RIVERVALE CRES,,
55,LOR 5 TOA PAYOH,,
60,LOR 4 TOA PAYOH,,
616,WOODLANDS AVE 4,,
620,WOODLANDS DR 52,,
647,WOODLANDS RING RD,,
164,GANGSA RD,,
602,SENJA RD,,
154,GANGSA RD,,
296D,CHOA CHU KANG AVE 2,,
297D,CHOA CHU KANG AVE 2,,
449,CHOA CHU KANG AVE 4,,
658,CHOA CHU KANG CRES,,
678,CHOA CHU KANG CRES,,
672A,CHOA CHU KANG CRES,,
297,CHOA CHU KANG AVE 2,,
297C,CHOA CHU KANG AVE 2,,
954,HOUGANG AVE 9,,
964,HOUGANG AVE 9,,
950,HOUGANG ST 91,,
959,HOUGANG ST 91,,
38,TEBAN GDNS RD,,
329,SEMBAWANG CL,,
223D,COMPASSVALE WALK,,
146,RIVERVALE DR,,
131,RIVERVALE ST,,
223B,COMPASSVALE WALK,,
224B,COMPASSVALE WALK,,
226B,COMPASSVALE WALK,,
125,RIVERVALE ST,,
153,LOR 2 TOA PAYOH,,
551,WOODLANDS DR 44,,
621,WOODLANDS DR 52,,
623,WOODLANDS DR 52,,
727,ANG MO KIO AVE 6,,
14,TELOK BLANGAH CRES,,
606,SENJA RD,,
297B,CHOA CHU KANG AVE 2,,
656,CHOA CHU KANG CRES,,
963,HOUGANG AVE 9,,
969,HOUGANG ST 91,,
698B,HOUGANG ST 61,,
331,SEMBAWANG CL,,
334,SEMBAWANG CL,,
339A,SEMBAWANG CL,,
227A,COMPASSVALE DR,,
205C,COMPASSVALE LANE,,
123A,RIVERVALE DR,,
123C,RIVERVALE DR,,
128,RIVERVALE ST,,
106,RIVERVALE WALK,,
206D,COMPASSVALE LANE,,
228A,COMPASSVALE WALK,,
123,RIVERVALE DR,,
62,LOR 4 TOA PAYOH,,
545,WOODLANDS DR 16,,
622,WOODLANDS DR 52,,
555,WOODLANDS DR 53,,
604,SENJA RD,,
657,CHOA CHU KANG CRES,,
661,CHOA CHU KANG CRES,,
968,HOUGANG AVE 9,,
698D,HOUGANG ST 52,,
288B,JURONG EAST ST 21,,
645,JURONG WEST ST 61,,
228B,COMPASSVALE WALK,,
123B,RIVERVALE DR,,
224C,COMPASSVALE WALK,,
237,COMPASSVALE WALK,,
147,RIVERVALE CRES,,
102,RIVERVALE WALK,,
541,WOODLANDS DR 16,,
542,WOODLANDS DR 16,,
552,WOODLANDS DR 44,,
557,WOODLANDS DR 53,,
636,WOODLANDS RING RD,,
450,CHOA CHU KANG AVE 4,,
452,CHOA CHU KANG AVE 4,,
465,CHOA CHU KANG AVE 4,,
660,CHOA CHU KANG CRES,,
680,CHOA CHU KANG CRES,,
451,CHOA CHU KANG AVE 4,,
965,HOUGANG AVE 9,,
966,HOUGANG AVE 9,,
288D,JURONG EAST ST 21,,
517E,JURONG WEST ST 52,,
667D,JURONG WEST ST 65,,
332,SEMBAWANG CL,,
223A,COMPASSVALE WALK,,
110,RIVERVALE WALK,,
113,RIVERVALE WALK,,
228C,COMPASSVALE WALK,,
155,LOR 1 TOA PAYOH,,
543,WOODLANDS DR 16,,
544,WOODLANDS DR 16,,
549,WOODLANDS DR 44,,
550,WOODLANDS DR 44,,
553,WOODLANDS DR 44,,
635,WOODLANDS RING RD,,
631,BEDOK RESERVOIR RD,,
297A,CHOA CHU KANG AVE 2,,
455,CHOA CHU KANG AVE 4,,
463,CHOA CHU KANG AVE 4,,
659,CHOA CHU KANG CRES,,
663,CHOA CHU KANG CRES,,
51,CIRCUIT RD,,
976,HOUGANG ST 91,,
288A,JURONG EAST ST 21,,
288C,JURONG EAST ST 21,,
517A,JURONG WEST ST 52,,
517D,JURONG WEST ST 52,,
612,JURONG WEST ST 65,,
108,RIVERVALE WALK,,
247,COMPASSVALE RD,,
249,COMPASSVALE RD,,
112,RIVERVALE WALK,,
205B,COMPASSVALE LANE,,
54,LOR 5 TOA PAYOH,,
154,LOR 2 TOA PAYOH,,
540,WOODLANDS DR 16,,
547,WOODLANDS DR 16,,
682D,WOODLANDS DR 73,,
70,REDHILL CL,,
103B,DEPOT RD,,
456,CHOA CHU KANG AVE 4,,
459,CHOA CHU KANG AVE 4,,
464,CHOA CHU KANG AVE 4,,
453,CHOA CHU KANG AVE 4,,
462,CHOA CHU KANG AVE 4,,
370,HOUGANG ST 31,,
371,HOUGANG ST 31,,
970,HOUGANG ST 91,,
960,HOUGANG AVE 9,,
961,HOUGANG AVE 9,,
698C,HOUGANG ST 52,,
664A,JURONG WEST ST 64,,
664C,JURONG WEST ST 64,,
479,SEMBAWANG DR,,
406,SEMBAWANG DR,,
114,RIVERVALE WALK,,
256,COMPASSVALE RD,,
192C,RIVERVALE DR,,
226C,COMPASSVALE WALK,,
537,WOODLANDS DR 16,,
539,WOODLANDS DR 16,,
521,WOODLANDS DR 14,,
683A,WOODLANDS DR 62,,
682C,WOODLANDS DR 73,,
682B,WOODLANDS DR 62,,
648,WOODLANDS RING RD,,
520,WOODLANDS DR 14,,
103A,DEPOT RD,,
106B,DEPOT RD,,
460,CHOA CHU KANG AVE 4,,
454,CHOA CHU KANG AVE 4,,
458,CHOA CHU KANG AVE 4,,
461,CHOA CHU KANG AVE 4,,
973,HOUGANG ST 91,,
972,HOUGANG ST 91,,
664B,JURONG WEST ST 64,,
664D,JURONG WEST ST 64,,
663A,JURONG WEST ST 65,,
58,GEYLANG BAHRU,,
104,WHAMPOA DR,,
339B,SEMBAWANG CL,,
227C,COMPASSVALE DR,,
142,RIVERVALE CRES,,
115,RIVERVALE WALK,,
259B,COMPASSVALE RD,,
255,COMPASSVALE RD,,
116A,RIVERVALE DR,,
538,WOODLANDS DR 16,,
546,WOODLANDS DR 16,,
665,WOODLANDS RING RD,,
669,WOODLANDS RING RD,,
525,WOODLANDS DR 14,,
526,WOODLANDS DR 14,,
681A,WOODLANDS DR 62,,
681B,WOODLANDS DR 62,,
683D,WOODLANDS DR 62,,
673,WOODLANDS DR 71,,
683C,WOODLANDS DR 62,,
115A,YISHUN RING RD,,
296,YISHUN ST 20,,
106A,DEPOT RD,,
296C,CHOA CHU KANG AVE 2,,
664,CHOA CHU KANG CRES,,
662,CHOA CHU KANG CRES,,
11,PINE CL,,
372,HOUGANG ST 31,,
660C,JURONG WEST ST 64,,
663D,JURONG WEST ST 65,,
667C,JURONG WEST ST 65,,
668B,JURONG WEST ST 64,,
668D,JURONG WEST ST 64,,
682C,JURONG WEST CTRL 1,,
684A,JURONG WEST ST 64,,
650C,JURONG WEST ST 61,,
357A,ADMIRALTY DR,,
144,RIVERVALE DR,,
188C,RIVERVALE DR,,
188D,RIVERVALE DR,,
111,RIVERVALE WALK,,
252,COMPASSVALE ST,,
116C,RIVERVALE DR,,
143,RIVERVALE DR,,
666,WOODLANDS RING RD,,
523,WOODLANDS DR 14,,
524,WOODLANDS DR 14,,
681D,WOODLANDS DR 62,,
683B,WOODLANDS DR 62,,
684D,WOODLANDS DR 73,,
761,BEDOK RESERVOIR VIEW,,
765,BEDOK RESERVOIR VIEW,,
104A,DEPOT RD,,
672B,CHOA CHU KANG CRES,,
665,CHOA CHU KANG CRES,,
3,PINE CL,,
1,PINE CL,,
373,HOUGANG ST 31,,
971,HOUGANG ST 91,,
967,HOUGANG AVE 9,,
650A,JURONG WEST ST 61,,
667B,JURONG WEST ST 65,,
668A,JURONG WEST ST 64,,
668C,JURONG WEST ST 64,,
680C,JURONG WEST CTRL 1,,
681C,JURONG WEST CTRL 1,,
684B,JURONG WEST ST 64,,
684C,JURONG WEST ST 64,,
685A,JURONG WEST ST 64,,
685B,JURONG WEST ST 64,,
663C,JURONG WEST ST 65,,
681B,JURONG WEST CTRL 1,,
630,JURONG WEST ST 65,,
59,STRATHMORE AVE,,
473,SEMBAWANG DR,,
481,SEMBAWANG DR,,
477,SEMBAWANG DR,,
467,ADMIRALTY DR,,
418,CANBERRA RD,,
476,SEMBAWANG DR,,
248,COMPASSVALE RD,,
191B,RIVERVALE DR,,
116B,RIVERVALE DR,,
254,COMPASSVALE RD,,
246,COMPASSVALE RD,,
259C,COMPASSVALE RD,,
109,RIVERVALE WALK,,
250C,COMPASSVALE ST,,
667,WOODLANDS RING RD,,
668,WOODLANDS RING RD,,
518,WOODLANDS DR 14,,
519,WOODLANDS DR 14,,
764,BEDOK RESERVOIR VIEW,,
104B,DEPOT RD,,
52,CIRCUIT RD,,
663B,JURONG WEST ST 65,,
667A,JURONG WEST ST 65,,
679C,JURONG WEST CTRL 1,,
685C,JURONG WEST CTRL 1,,
683C,JURONG WEST ST 64,,
182,STIRLING RD,,
474,SEMBAWANG DR,,
478,SEMBAWANG DR,,
480,SEMBAWANG DR,,
188A,RIVERVALE DR,,
117A,RIVERVALE DR,,
117B,RIVERVALE DR,,
186C,RIVERVALE DR,,
101,RIVERVALE WALK,,
227D,COMPASSVALE DR,,
188B,RIVERVALE DR,,
192B,RIVERVALE DR,,
517,WOODLANDS DR 14,,
522,WOODLANDS DR 14,,
681C,WOODLANDS DR 62,,
684A,WOODLANDS DR 73,,
684B,WOODLANDS DR 73,,
671,WOODLANDS DR 71,,
299,YISHUN ST 20,,
762,BEDOK RESERVOIR VIEW,,
768,BEDOK RESERVOIR VIEW,,
769,BEDOK RESERVOIR VIEW,,
63A,LENGKOK BAHRU,,
668,CHOA CHU KANG CRES,,
975,HOUGANG ST 91,,
650B,JURONG WEST ST 61,,
648C,JURONG WEST ST 61,,
683A,JURONG WEST CTRL 1,,
683B,JURONG WEST CTRL 1,,
686C,JURONG WEST CTRL 1,,
58,STRATHMORE AVE,,
475,SEMBAWANG DR,,
470,SEMBAWANG DR,,
360B,ADMIRALTY DR,,
353A,ADMIRALTY DR,,
292B,COMPASSVALE ST,,
190B,RIVERVALE DR,,
227B,COMPASSVALE DR,,
244,COMPASSVALE RD,,
245,COMPASSVALE RD,,
192A,RIVERVALE DR,,
117C,RIVERVALE DR,,
250A,COMPASSVALE ST,,
138,RIVERVALE ST,,
122,LOR 2 TOA PAYOH,,
672,WOODLANDS DR 71,,
298,YISHUN ST 20,,
11,CHAI CHEE RD,,
767,BEDOK RESERVOIR VIEW,,
770,BEDOK RESERVOIR VIEW,,
69,REDHILL CL,,
454,CLEMENTI AVE 3,,
648A,JURONG WEST ST 61,,
180,YUNG SHENG RD,,
686A,JURONG WEST CTRL 1,,
648B,JURONG WEST ST 61,,
679B,JURONG WEST CTRL 1,,
665A,JURONG WEST ST 64,,
405,ADMIRALTY LINK,,
360C,ADMIRALTY DR,,
419,CANBERRA RD,,
121A,RIVERVALE DR,,
122E,RIVERVALE DR,,
260A,SENGKANG EAST WAY,,
186D,RIVERVALE DR,,
119A,RIVERVALE DR,,
250B,COMPASSVALE ST,,
250D,COMPASSVALE ST,,
189C,RIVERVALE DR,,
156,LOR 1 TOA PAYOH,,
297,YISHUN ST 20,,
354,ANG MO KIO ST 32,,
596A,ANG MO KIO ST 52,,
763,BEDOK RESERVOIR VIEW,,
766,BEDOK RESERVOIR VIEW,,
774,BEDOK RESERVOIR VIEW,,
2A,BOON TIONG RD,,
68,REDHILL CL,,
649A,JURONG WEST ST 61,,
622,JURONG WEST ST 61,,
686B,JURONG WEST CTRL 1,,
681A,JURONG WEST CTRL 1,,
60,STRATHMORE AVE,,
417,CANBERRA RD,,
420,CANBERRA RD,,
413,SEMBAWANG DR,,
356C,ADMIRALTY DR,,
185A,RIVERVALE CRES,,
191A,RIVERVALE DR,,
186B,RIVERVALE DR,,
261B,SENGKANG EAST WAY,,
185B,RIVERVALE CRES,,
185C,RIVERVALE CRES,,
261C,SENGKANG EAST WAY,,
187B,RIVERVALE DR,,
261A,SENGKANG EAST WAY,,
142,LOR 2 TOA PAYOH,,
772,BEDOK RESERVOIR VIEW,,
773,BEDOK RESERVOIR VIEW,,
63B,LENGKOK BAHRU,,
179,LOMPANG RD,,
674A,CHOA CHU KANG CRES,,
601,JURONG WEST ST 62,,
184,STIRLING RD,,
403,ADMIRALTY LINK,,
414,SEMBAWANG DR,,
356B,ADMIRALTY DR,,
471,SEMBAWANG DR,,
257A,COMPASSVALE RD,,
203A,COMPASSVALE RD,,
187A,RIVERVALE DR,,
121,RIVERVALE DR,,
121B,RIVERVALE DR,,
302A,ANCHORVALE LINK,,
120C,RIVERVALE DR,,
225C,COMPASSVALE WALK,,
577,WOODLANDS DR 16,,
575,WOODLANDS DR 16,,
406,ANG MO KIO AVE 10,,
323,ANG MO KIO AVE 3,,
350,ANG MO KIO ST 32,,
771,BEDOK RESERVOIR VIEW,,
112A,DEPOT RD,,
666,CHOA CHU KANG CRES,,
374,HOUGANG ST 31,,
37,TEBAN GDNS RD,,
623,JURONG WEST ST 61,,
617,JURONG WEST ST 65,,
673A,JURONG WEST ST 65,,
613,JURONG WEST ST 62,,
624,JURONG WEST ST 61,,
660D,JURONG WEST ST 64,,
680B,JURONG WEST CTRL 1,,
669A,JURONG WEST ST 64,,
401,ADMIRALTY LINK,,
340B,SEMBAWANG CL,,
190A,RIVERVALE DR,,
121C,SENGKANG EAST WAY,,
257B,COMPASSVALE RD,,
119B,RIVERVALE DR,,
120A,RIVERVALE DR,,
120B,RIVERVALE DR,,
251,COMPASSVALE ST,,
203D,COMPASSVALE RD,,
588,WOODLANDS DR 16,,
10,CHAI CHEE RD,,
177,LOMPANG RD,,
178,LOMPANG RD,,
974,HOUGANG ST 91,,
649B,JURONG WEST ST 61,,
620,JURONG WEST ST 65,,
621,JURONG WEST ST 65,,
602,JURONG WEST ST 62,,
411,SEMBAWANG DR,,
356A,ADMIRALTY DR,,
340A,SEMBAWANG CL,,
341,SEMBAWANG CL,,
504C,CANBERRA LINK,,
412,SEMBAWANG DR,,
295C,COMPASSVALE CRES,,
203C,COMPASSVALE RD,,
186A,RIVERVALE DR,,
121D,SENGKANG EAST WAY,,
122,SENGKANG EAST WAY,,
202,COMPASSVALE DR,,
185D,RIVERVALE CRES,,
119D,RIVERVALE DR,,
204C,COMPASSVALE DR,,
582,WOODLANDS DR 16,,
576,WOODLANDS DR 16,,
578,WOODLANDS DR 16,,
637,WOODLANDS RING RD,,
109B,DEPOT RD,,
120A,KIM TIAN PL,,
14A,TELOK BLANGAH CRES,,
180,LOMPANG RD,,
105,CLEMENTI ST 12,,
65,TEBAN GDNS RD,,
648D,JURONG WEST ST 61,,
618,JURONG WEST ST 65,,
669D,JURONG WEST ST 64,,
402,ADMIRALTY LINK,,
421,CANBERRA RD,,
422,CANBERRA RD,,
424,CANBERRA RD,,
350B,CANBERRA RD,,
409,SEMBAWANG DR,,
357B,ADMIRALTY DR,,
588C,MONTREAL DR,,
410,SEMBAWANG DR,,
472,SEMBAWANG DR,,
204B,COMPASSVALE DR,,
195,RIVERVALE DR,,
303B,ANCHORVALE LINK,,
119C,RIVERVALE DR,,
196,RIVERVALE DR,,
141,LOR 2 TOA PAYOH,,
579,WOODLANDS DR 16,,
580,WOODLANDS DR 16,,
121A,KIM TIAN PL,,
2C,BOON TIONG RD,,
615,BT PANJANG RING RD,,
616,SENJA RD,,
619,JURONG WEST ST 65,,
178,YUNG SHENG RD,,
603,JURONG WEST ST 62,,
604,JURONG WEST ST 62,,
605,JURONG WEST ST 62,,
610,JURONG WEST ST 65,,
503B,CANBERRA LINK,,
425,CANBERRA RD,,
352C,CANBERRA RD,,
357,ADMIRALTY DR,,
357C,ADMIRALTY DR,,
360A,ADMIRALTY DR,,
501A,WELLINGTON CIRCLE,,
204A,COMPASSVALE DR,,
193,RIVERVALE DR,,
297B,COMPASSVALE ST,,
298A,COMPASSVALE ST,,
257C,COMPASSVALE RD,,
258D,COMPASSVALE RD,,
262D,COMPASSVALE ST,,
194,RIVERVALE DR,,
670,WOODLANDS DR 71,,
596C,ANG MO KIO ST 52,,
111A,DEPOT RD,,
112B,DEPOT RD,,
456,CLEMENTI AVE 3,,
5,PINE CL,,
625,JURONG WEST ST 61,,
179,YUNG SHENG RD,,
183,YUNG SHENG RD,,
184,YUNG SHENG RD,,
662B,JURONG WEST ST 64,,
662D,JURONG WEST ST 64,,
682A,JURONG WEST CTRL 1,,
503C,CANBERRA LINK,,
469,ADMIRALTY DR,,
359A,ADMIRALTY DR,,
341B,SEMBAWANG CL,,
353B,ADMIRALTY DR,,
303A,ANCHORVALE LINK,,
201C,COMPASSVALE DR,,
258A,COMPASSVALE RD,,
259A,COMPASSVALE RD,,
200D,SENGKANG EAST RD,,
298B,COMPASSVALE ST,,
260C,SENGKANG EAST WAY,,
261D,SENGKANG EAST WAY,,
298D,COMPASSVALE ST,,
584,WOODLANDS DR 16,,
508,ANG MO KIO AVE 8,,
700C,ANG MO KIO AVE 6,,
353,ANG MO KIO ST 32,,
45,KIM CHENG ST,,
120,KIM TIAN PL,,
121,KIM TIAN PL,,
457,CHOA CHU KANG AVE 4,,
455,CLEMENTI AVE 3,,
460,CLEMENTI AVE 3,,
181,YUNG SHENG RD,,
608,JURONG WEST ST 65,,
666A,JURONG WEST ST 65,,
404,ADMIRALTY LINK,,
504B,MONTREAL DR,,
407,SEMBAWANG DR,,
467B,ADMIRALTY DR,,
359,ADMIRALTY DR,,
351C,CANBERRA RD,,
501B,WELLINGTON CIRCLE,,
468D,ADMIRALTY DR,,
468A,ADMIRALTY DR,,
203E,COMPASSVALE RD,,
262A,COMPASSVALE ST,,
297A,COMPASSVALE ST,,
298C,COMPASSVALE ST,,
197,RIVERVALE DR,,
115B,YISHUN RING RD,,
351,ANG MO KIO ST 32,,
352,ANG MO KIO ST 32,,
8B,BOON TIONG RD,,
8A,BOON TIONG RD,,
109A,DEPOT RD,,
659A,JURONG WEST ST 65,,
177,YUNG SHENG RD,,
273D,JURONG WEST AVE 3,,
606,JURONG WEST ST 65,,
682B,JURONG WEST CTRL 1,,
669C,JURONG WEST ST 64,,
680A,JURONG WEST CTRL 1,,
183,STIRLING RD,,
504D,MONTREAL DR,,
501C,WELLINGTON CIRCLE,,
467A,ADMIRALTY DR,,
469B,ADMIRALTY DR,,
359C,ADMIRALTY DR,,
341A,SEMBAWANG CL,,
350A,CANBERRA RD,,
359B,ADMIRALTY DR,,
122D,RIVERVALE DR,,
303C,ANCHORVALE LINK,,
258B,COMPASSVALE RD,,
203B,COMPASSVALE RD,,
291D,COMPASSVALE ST,,
200A,SENGKANG EAST RD,,
200B,SENGKANG EAST RD,,
260B,SENGKANG EAST WAY,,
311C,ANCHORVALE LANE,,
73A,REDHILL RD,,
111B,DEPOT RD,,
651,SENJA LINK,,
660A,JURONG WEST ST 64,,
661A,JURONG WEST ST 64,,
661B,JURONG WEST ST 64,,
661C,JURONG WEST ST 64,,
662A,JURONG WEST ST 64,,
632,JURONG WEST ST 65,,
633,JURONG WEST ST 65,,
659C,JURONG WEST ST 65,,
631,JURONG WEST ST 65,,
611,JURONG WEST ST 65,,
669B,JURONG WEST ST 64,,
17,JLN TENTERAM,,
176D,EDGEFIELD PLAINS,,
352A,CANBERRA RD,,
469A,ADMIRALTY DR,,
353C,ADMIRALTY DR,,
354B,ADMIRALTY DR,,
351B,CANBERRA RD,,
501D,WELLINGTON CIRCLE,,
301A,ANCHORVALE DR,,
201A,COMPASSVALE DR,,
201B,COMPASSVALE DR,,
291A,COMPASSVALE ST,,
299B,COMPASSVALE ST,,
160,LOR 1 TOA PAYOH,,
161,LOR 1 TOA PAYOH,,
613,BT PANJANG RING RD,,
467,SEGAR RD,,
653,SENJA LINK,,
367,CLEMENTI AVE 2,,
660B,JURONG WEST ST 64,,
661D,JURONG WEST ST 64,,
635,JURONG WEST ST 65,,
659D,JURONG WEST ST 65,,
273A,JURONG WEST AVE 3,,
679A,JURONG WEST CTRL 1,,
628,JURONG WEST ST 65,,
15,FARRER PK RD,,
196B,PUNGGOL FIELD,,
174A,EDGEDALE PLAINS,,
56,STRATHMORE AVE,,
350C,CANBERRA RD,,
351A,CANBERRA RD,,
354C,ADMIRALTY DR,,
307A,ANCHORVALE RD,,
291B,COMPASSVALE ST,,
122A,SENGKANG EAST WAY,,
585,WOODLANDS DR 16,,
316A,ANG MO KIO ST 31,,
9,CANTONMENT CL,,
118A,JLN MEMBINA,,
74A,REDHILL RD,,
609,BT PANJANG RING RD,,
620,BT PANJANG RING RD,,
621,SENJA RD,,
623,SENJA RD,,
686C,CHOA CHU KANG CRES,,
689A,CHOA CHU KANG DR,,
96,ALJUNIED CRES,,
39,TEBAN GDNS RD,,
657B,JURONG WEST ST 65,,
659B,JURONG WEST ST 65,,
182,YUNG SHENG RD,,
652C,JURONG WEST ST 61,,
665B,JURONG WEST ST 64,,
126A,EDGEDALE PLAINS,,
55,STRATHMORE AVE,,
307C,ANCHORVALE RD,,
311A,ANCHORVALE LANE,,
305D,ANCHORVALE LINK,,
260D,SENGKANG EAST WAY,,
115C,YISHUN RING RD,,
315A,ANG MO KIO ST 31,,
596D,ANG MO KIO ST 52,,
619,BT PANJANG RING RD,,
611,BT PANJANG RING RD,,
465,SEGAR RD,,
614,SENJA RD,,
622,SENJA RD,,
650,SENJA LINK,,
652,SENJA LINK,,
607,SENJA RD,,
651A,JURONG WEST ST 61,,
634,JURONG WEST ST 65,,
6,BEACH RD,,
126C,EDGEDALE PLAINS,,
468C,ADMIRALTY DR,,
305A,ANCHORVALE LINK,,
305C,ANCHORVALE LINK,,
306C,ANCHORVALE LINK,,
290C,COMPASSVALE CRES,,
296B,COMPASSVALE CRES,,
322A,ANCHORVALE DR,,
299A,COMPASSVALE ST,,
301B,ANCHORVALE DR,,
253,COMPASSVALE ST,,
299C,COMPASSVALE ST,,
122C,SENGKANG EAST WAY,,
143,LOR 2 TOA PAYOH,,
131B,KIM TIAN RD,,
131C,KIM TIAN RD,,
471,SEGAR RD,,
654,SENJA RD,,
608,SENJA RD,,
7,PINE CL,,
651B,JURONG WEST ST 61,,
662C,JURONG WEST ST 64,,
666B,JURONG WEST ST 65,,
416,CANBERRA RD,,
507D,WELLINGTON CIRCLE,,
305B,ANCHORVALE LINK,,
307D,ANCHORVALE RD,,
308A,ANCHORVALE RD,,
308B,ANCHORVALE RD,,
404B,FERNVALE LANE,,
321C,ANCHORVALE DR,,
308C,ANCHORVALE RD,,
183B,RIVERVALE CRES,,
583,WOODLANDS DR 16,,
309A,ANG MO KIO ST 31,,
17,CANTONMENT CL,,
119D,KIM TIAN RD,,
17,TELOK BLANGAH CRES,,
612,SENJA RD,,
618,SENJA RD,,
610,SENJA RD,,
624,SENJA RD,,
655,SENJA RD,,
684D,CHOA CHU KANG CRES,,
366,CLEMENTI AVE 2,,
268A,BOON LAY DR,,
274D,JURONG WEST AVE 3,,
657A,JURONG WEST ST 65,,
674A,JURONG WEST ST 65,,
196D,PUNGGOL FIELD,,
354A,ADMIRALTY DR,,
507C,WELLINGTON CIRCLE,,
468B,ADMIRALTY DR,,
304B,ANCHORVALE LINK,,
296A,COMPASSVALE CRES,,
183D,RIVERVALE CRES,,
301D,ANCHORVALE DR,,
319B,ANCHORVALE DR,,
322C,ANCHORVALE DR,,
189A,RIVERVALE DR,,
189B,RIVERVALE DR,,
700A,ANG MO KIO AVE 6,,
76,TELOK BLANGAH DR,,
119B,KIM TIAN RD,,
466,SEGAR RD,,
470,SEGAR RD,,
273B,JURONG WEST AVE 3,,
273C,JURONG WEST AVE 3,,
275B,JURONG WEST ST 25,,
636,JURONG WEST ST 65,,
276A,JURONG WEST ST 25,,
275D,JURONG WEST ST 25,,
109C,EDGEDALE PLAINS,,
507A,WELLINGTON CIRCLE,,
507B,WELLINGTON CIRCLE,,
352B,CANBERRA RD,,
351D,CANBERRA RD,,
301C,ANCHORVALE DR,,
290B,COMPASSVALE CRES,,
296C,COMPASSVALE CRES,,
292A,COMPASSVALE ST,,
258C,COMPASSVALE RD,,
323C,SENGKANG EAST WAY,,
5A,MARSILING DR,,
16,CANTONMENT CL,,
19,CANTONMENT CL,,
472,SEGAR RD,,
688A,CHOA CHU KANG DR,,
687D,CHOA CHU KANG DR,,
109,CLEMENTI ST 11,,
268B,BOON LAY DR,,
268C,BOON LAY DR,,
275A,JURONG WEST ST 25,,
609,JURONG WEST ST 65,,
174D,EDGEDALE PLAINS,,
128B,PUNGGOL FIELD WALK,,
354D,ADMIRALTY DR,,
322B,ANCHORVALE DR,,
304A,ANCHORVALE LINK,,
306A,ANCHORVALE LINK,,
295A,COMPASSVALE CRES,,
201D,COMPASSVALE DR,,
202C,SENGKANG EAST RD,,
320A,ANCHORVALE DR,,
325A,SENGKANG EAST WAY,,
317C,ANCHORVALE RD,,
589,WOODLANDS DR 16,,
700B,ANG MO KIO AVE 6,,
119C,KIM TIAN RD,,
656,SENJA RD,,
671B,KLANG LANE,,
672A,KLANG LANE,,
685B,CHOA CHU KANG CRES,,
688C,CHOA CHU KANG CRES,,
689B,CHOA CHU KANG DR,,
276C,JURONG WEST ST 25,,
670A,JURONG WEST ST 65,,
658D,JURONG WEST ST 65,,
629,JURONG WEST ST 65,,
105A,EDGEFIELD PLAINS,,
133,EDGEDALE PLAINS,,
648,PUNGGOL CTRL,,
321B,ANCHORVALE DR,,
295B,COMPASSVALE CRES,,
309A,ANCHORVALE RD,,
309C,ANCHORVALE RD,,
158A,RIVERVALE CRES,,
202B,SENGKANG EAST RD,,
587,WOODLANDS DR 16,,
11,CANTONMENT CL,,
86,TELOK BLANGAH HTS,,
469,SEGAR RD,,
684A,CHOA CHU KANG CRES,,
686A,CHOA CHU KANG CRES,,
688B,CHOA CHU KANG DR,,
457,CLEMENTI AVE 3,,
60,TEBAN GDNS RD,,
64,TEBAN GDNS RD,,
672A,JURONG WEST ST 65,,
176B,EDGEFIELD PLAINS,,
102C,PUNGGOL FIELD,,
111,EDGEFIELD PLAINS,,
162B,PUNGGOL CTRL,,
589C,MONTREAL DR,,
588A,MONTREAL DR,,
320B,ANCHORVALE DR,,
122B,SENGKANG EAST WAY,,
144,LOR 2 TOA PAYOH,,
586,WOODLANDS DR 16,,
581,WOODLANDS DR 16,,
18,CANTONMENT CL,,
468,SEGAR RD,,
475,SEGAR RD,,
482,SEGAR RD,,
478,SEGAR RD,,
672B,KLANG LANE,,
683B,CHOA CHU KANG CRES,,
685A,CHOA CHU KANG CRES,,
687B,CHOA CHU KANG DR,,
692B,CHOA CHU KANG CRES,,
459,CLEMENTI AVE 3,,
62,TEBAN GDNS RD,,
658B,JURONG WEST ST 65,,
656A,JURONG WEST ST 61,,
106D,PUNGGOL FIELD,,
589D,MONTREAL DR,,
415,SEMBAWANG DR,,
309B,ANCHORVALE RD,,
312B,ANCHORVALE LANE,,
596B,ANG MO KIO ST 52,,
8,CANTONMENT CL,,
13,CANTONMENT CL,,
184,JELEBU RD,,
484,SEGAR RD,,
684B,CHOA CHU KANG CRES,,
979B,BUANGKOK CRES,,
980B,BUANGKOK CRES,,
673C,JURONG WEST ST 65,,
915,JURONG WEST ST 91,,
652B,JURONG WEST ST 61,,
126D,EDGEDALE PLAINS,,
172B,EDGEDALE PLAINS,,
290A,COMPASSVALE CRES,,
323A,SENGKANG EAST WAY,,
324A,SENGKANG EAST WAY,,
311D,ANCHORVALE LANE,,
309D,ANCHORVALE RD,,
319C,ANCHORVALE DR,,
320D,ANCHORVALE DR,,
321A,ANCHORVALE DR,,
183A,RIVERVALE CRES,,
323B,SENGKANG EAST WAY,,
315C,ANCHORVALE RD,,
116,ANG MO KIO AVE 4,,
87,TELOK BLANGAH HTS,,
88,TELOK BLANGAH HTS,,
183,JELEBU RD,,
474,SEGAR RD,,
683C,CHOA CHU KANG CRES,,
687C,CHOA CHU KANG DR,,
690C,CHOA CHU KANG CRES,,
458,CLEMENTI AVE 3,,
276B,JURONG WEST AVE 3,,
674B,JURONG WEST ST 65,,
652A,JURONG WEST ST 61,,
653C,JURONG WEST ST 61,,
658C,JURONG WEST ST 65,,
671A,JURONG WEST ST 65,,
126B,EDGEDALE PLAINS,,
103B,EDGEFIELD PLAINS,,
199C,PUNGGOL FIELD,,
175A,PUNGGOL FIELD,,
311B,ANCHORVALE LANE,,
314C,ANCHORVALE LINK,,
314B,ANCHORVALE LINK,,
689F,WOODLANDS DR 75,,
182,JELEBU RD,,
185,JELEBU RD,,
181,JELEBU RD,,
481,SEGAR RD,,
685C,CHOA CHU KANG CRES,,
683A,CHOA CHU KANG CRES,,
673B,JURONG WEST ST 65,,
658A,JURONG WEST ST 65,,
12,FARRER PK RD,,
175C,PUNGGOL FIELD,,
109A,EDGEDALE PLAINS,,
128A,PUNGGOL FIELD WALK,,
128C,PUNGGOL FIELD WALK,,
423,CANBERRA RD,,
324B,SENGKANG EAST WAY,,
325C,SENGKANG EAST WAY,,
313B,ANCHORVALE RD,,
318A,ANCHORVALE LINK,,
318C,ANCHORVALE LINK,,
157A,RIVERVALE CRES,,
157D,RIVERVALE CRES,,
766,WOODLANDS CIRCLE,,
685C,WOODLANDS DR 73,,
687C,WOODLANDS DR 75,,
689E,WOODLANDS DR 75,,
510,ANG MO KIO AVE 8,,
393,BT BATOK WEST AVE 5,,
23,JLN MEMBINA,,
477,SEGAR RD,,
686B,CHOA CHU KANG CRES,,
686D,CHOA CHU KANG CRES,,
687A,CHOA CHU KANG DR,,
980C,BUANGKOK CRES,,
276D,JURONG WEST ST 25,,
275C,JURONG WEST ST 25,,
656C,JURONG WEST ST 61,,
101A,PUNGGOL FIELD,,
102B,PUNGGOL FIELD,,
196C,PUNGGOL FIELD,,
589A,MONTREAL DR,,
589B,MONTREAL DR,,
184C,RIVERVALE CRES,,
317A,ANCHORVALE RD,,
317B,ANCHORVALE RD,,
686A,WOODLANDS DR 73,,
383,BT BATOK WEST AVE 5,,
85,TELOK BLANGAH HTS,,
476,SEGAR RD,,
479,SEGAR RD,,
690A,CHOA CHU KANG CRES,,
655A,JURONG WEST ST 61,,
815,JELLICOE RD,,
816,JELLICOE RD,,
171C,EDGEDALE PLAINS,,
196A,PUNGGOL FIELD,,
199D,PUNGGOL FIELD,,
106B,PUNGGOL FIELD,,
173C,PUNGGOL FIELD,,
178,EDGEFIELD PLAINS,,
112,EDGEFIELD PLAINS,,
166A,PUNGGOL CTRL,,
171B,EDGEDALE PLAINS,,
105D,EDGEFIELD PLAINS,,
101C,PUNGGOL FIELD,,
197A,PUNGGOL FIELD,,
199A,PUNGGOL FIELD,,
199B,PUNGGOL FIELD,,
106A,PUNGGOL FIELD,,
110D,PUNGGOL FIELD,,
173D,PUNGGOL FIELD,,
128D,PUNGGOL FIELD WALK,,
509B,WELLINGTON CIRCLE,,
183C,RIVERVALE CRES,,
317D,ANCHORVALE RD,,
325B,SENGKANG EAST WAY,,
314A,ANCHORVALE LINK,,
316A,ANCHORVALE LINK,,
313A,ANCHORVALE RD,,
310A,ANCHORVALE RD,,
158D,RIVERVALE CRES,,
302D,ANCHORVALE LINK,,
262B,COMPASSVALE ST,,
687B,WOODLANDS DR 75,,
688A,WOODLANDS DR 75,,
689A,WOODLANDS DR 75,,
689C,WOODLANDS DR 75,,
315B,ANG MO KIO ST 31,,
392,BT BATOK WEST AVE 5,,
12,CANTONMENT CL,,
480,SEGAR RD,,
630,SENJA RD,,
684C,CHOA CHU KANG CRES,,
375,HOUGANG ST 31,,
655B,JURONG WEST ST 61,,
107B,EDGEFIELD PLAINS,,
102D,PUNGGOL FIELD,,
645,PUNGGOL CTRL,,
104A,EDGEFIELD PLAINS,,
105B,EDGEFIELD PLAINS,,
101B,PUNGGOL FIELD,,
175D,PUNGGOL FIELD,,
134,EDGEDALE PLAINS,,
118,EDGEFIELD PLAINS,,
649,PUNGGOL CTRL,,
502A,WELLINGTON CIRCLE,,
324D,SENGKANG EAST WAY,,
318D,ANCHORVALE LINK,,
310B,ANCHORVALE RD,,
403A,FERNVALE LANE,,
158C,RIVERVALE CRES,,
685B,WOODLANDS DR 73,,
687A,WOODLANDS DR 75,,
19,JLN MEMBINA,,
22,JLN MEMBINA,,
118B,JLN MEMBINA,,
118C,JLN MEMBINA,,
631,SENJA RD,,
690D,CHOA CHU KANG CRES,,
344,CLEMENTI AVE 5,,
980A,BUANGKOK CRES,,
108C,MCNAIR RD,,
171A,EDGEDALE PLAINS,,
104B,EDGEFIELD PLAINS,,
101D,PUNGGOL FIELD,,
110B,PUNGGOL FIELD,,
130,EDGEDALE PLAINS,,
135,EDGEDALE PLAINS,,
116,EDGEFIELD PLAINS,,
114,EDGEFIELD PLAINS,,
298,PUNGGOL CTRL,,
107C,EDGEFIELD PLAINS,,
107D,EDGEFIELD PLAINS,,
110C,PUNGGOL FIELD,,
641C,PUNGGOL DR,,
115,EDGEFIELD PLAINS,,
485,ADMIRALTY LINK,,
482,ADMIRALTY LINK,,
319A,ANCHORVALE DR,,
184A,RIVERVALE CRES,,
159A,RIVERVALE CRES,,
764,WOODLANDS CIRCLE,,
686C,WOODLANDS DR 73,,
483,SEGAR RD,,
805,KING GEORGE'S AVE,,
138,EDGEDALE PLAINS,,
163B,PUNGGOL CTRL,,
642A,PUNGGOL DR,,
105C,EDGEFIELD PLAINS,,
176C,EDGEFIELD PLAINS,,
106C,PUNGGOL FIELD,,
163A,PUNGGOL CTRL,,
296,PUNGGOL CTRL,,
192,PUNGGOL CTRL,,
17,DOVER CRES,,
491,ADMIRALTY LINK,,
184B,RIVERVALE CRES,,
313C,ANCHORVALE RD,,
157B,RIVERVALE CRES,,
686B,WOODLANDS DR 73,,
689B,WOODLANDS DR 75,,
391,BT BATOK WEST AVE 5,,
20,JLN MEMBINA,,
21,JLN MEMBINA,,
979A,BUANGKOK CRES,,
980D,BUANGKOK CRES,,
656B,JURONG WEST ST 61,,
653A,JURONG WEST ST 61,,
13,FARRER PK RD,,
109B,EDGEDALE PLAINS,,
102A,PUNGGOL FIELD,,
175B,PUNGGOL FIELD,,
117,EDGEFIELD PLAINS,,
174B,EDGEDALE PLAINS,,
320C,ANCHORVALE DR,,
764A,WOODLANDS CIRCLE,,
118D,JLN MEMBINA,,
617,BT PANJANG RING RD,,
692A,CHOA CHU KANG CRES,,
691B,CHOA CHU KANG CRES,,
211,HOUGANG ST 21,,
981C,BUANGKOK CRES,,
63,TEBAN GDNS RD,,
656D,JURONG WEST ST 61,,
11,FARRER PK RD,,
813,JELLICOE RD,,
638B,PUNGGOL DR,,
638C,PUNGGOL DR,,
642B,PUNGGOL DR,,
486,ADMIRALTY LINK,,
484,ADMIRALTY LINK,,
765,WOODLANDS CIRCLE,,
690A,WOODLANDS DR 75,,
347,ANG MO KIO AVE 3,,
622,BT BATOK CTRL,,
473,SEGAR RD,,
629,SENJA RD,,
690B,CHOA CHU KANG CRES,,
978D,BUANGKOK CRES,,
978C,BUANGKOK CRES,,
637,JURONG WEST ST 61,,
174C,EDGEDALE PLAINS,,
109D,EDGEDALE PLAINS,,
197B,PUNGGOL FIELD,,
193,EDGEFIELD PLAINS,,
295,PUNGGOL CTRL,,
121,LOR 2 TOA PAYOH,,
767,WOODLANDS CIRCLE,,
690D,WOODLANDS DR 75,,
77A,REDHILL RD,,
981A,BUANGKOK CRES,,
653B,JURONG WEST ST 61,,
271C,JURONG WEST ST 24,,
108B,MCNAIR RD,,
161B,PUNGGOL CTRL,,
294,PUNGGOL CTRL,,
172C,EDGEDALE PLAINS,,
103A,EDGEFIELD PLAINS,,
637B,PUNGGOL DR,,
18,DOVER CRES,,
493,ADMIRALTY LINK,,
314D,ANCHORVALE LINK,,
318B,ANCHORVALE LINK,,
689D,WOODLANDS DR 75,,
688C,WOODLANDS DR 75,,
386,BT BATOK WEST AVE 5,,
625,SENJA RD,,
691A,CHOA CHU KANG CRES,,
271A,JURONG WEST ST 24,,
271D,JURONG WEST ST 24,,
642D,PUNGGOL DR,,
173A,PUNGGOL FIELD,,
173B,PUNGGOL FIELD,,
646,PUNGGOL CTRL,,
641A,PUNGGOL DR,,
186,PUNGGOL CTRL,,
492,ADMIRALTY LINK,,
509A,WELLINGTON CIRCLE,,
355A,SEMBAWANG WAY,,
403C,FERNVALE LANE,,
407B,FERNVALE RD,,
315B,ANCHORVALE RD,,
157C,RIVERVALE CRES,,
690F,WOODLANDS DR 75,,
981B,BUANGKOK CRES,,
172A,EDGEDALE PLAINS,,
132,EDGEDALE PLAINS,,
107A,EDGEFIELD PLAINS,,
293,PUNGGOL CTRL,,
643,PUNGGOL CTRL,,
19,DOVER CRES,,
316B,ANCHORVALE LINK,,
690E,WOODLANDS DR 75,,
17A,TELOK BLANGAH CRES,,
984A,BUANGKOK LINK,,
271B,JURONG WEST ST 24,,
272B,JURONG WEST ST 24,,
161A,PUNGGOL CTRL,,
176A,EDGEFIELD PLAINS,,
110A,PUNGGOL FIELD,,
297,PUNGGOL CTRL,,
191,PUNGGOL CTRL,,
412A,FERNVALE LINK,,
315A,ANCHORVALE RD,,
690C,WOODLANDS DR 75,,
688E,WOODLANDS DR 75,,
384,BT BATOK WEST AVE 5,,
626,SENJA RD,,
272C,JURONG WEST ST 24,,
272D,JURONG WEST ST 24,,
651,PUNGGOL CTRL,,
201C,PUNGGOL FIELD,,
183,EDGEFIELD PLAINS,,
313D,ANCHORVALE RD,,
158B,RIVERVALE CRES,,
16,MARSILING LANE,,
690B,WOODLANDS DR 75,,
979C,BUANGKOK CRES,,
272A,JURONG WEST ST 24,,
299,PUNGGOL CTRL,,
638A,PUNGGOL DR,,
201D,PUNGGOL FIELD,,
202B,PUNGGOL FIELD,,
504A,MONTREAL DR,,
588B,MONTREAL DR,,
413B,FERNVALE LINK,,
688B,WOODLANDS DR 75,,
688F,WOODLANDS DR 75,,
106,BEDOK NTH AVE 4,,
621,BT BATOK CTRL,,
385,BT BATOK WEST AVE 5,,
4A,BOON TIONG RD,,
627,SENJA RD,,
16,JLN TENTERAM,,
201A,PUNGGOL FIELD,,
642C,PUNGGOL DR,,
103C,EDGEFIELD PLAINS,,
160B,PUNGGOL CTRL,,
637D,PUNGGOL DR,,
181,EDGEFIELD PLAINS,,
312A,ANCHORVALE LANE,,
406B,FERNVALE RD,,
541,BEDOK NTH ST 3,,
654A,JURONG WEST ST 61,,
654B,JURONG WEST ST 61,,
182,EDGEFIELD PLAINS,,
162A,PUNGGOL CTRL,,
641B,PUNGGOL DR,,
207B,COMPASSVALE LANE,,
316C,ANCHORVALE LINK,,
405C,FERNVALE LANE,,
406C,FERNVALE RD,,
291C,COMPASSVALE ST,,
514,BEDOK NTH AVE 2,,
620,BT BATOK CTRL,,
190,PUNGGOL CTRL,,
403B,FERNVALE LANE,,
408B,FERNVALE RD,,
101,BEDOK NTH AVE 4,,
39,JLN TIGA,,
985B,BUANGKOK CRES,,
984D,BUANGKOK LINK,,
204B,PUNGGOL FIELD,,
188,PUNGGOL CTRL,,
18,GHIM MOH RD,,
508C,WELLINGTON CIRCLE,,
207D,COMPASSVALE LANE,,
407A,FERNVALE RD,,
52,LOR 6 TOA PAYOH,,
688D,WOODLANDS DR 75,,
705,YISHUN AVE 5,,
103,YISHUN RING RD,,
395,BT BATOK WEST AVE 5,,
671A,KLANG LANE,,
984C,BUANGKOK LINK,,
985A,BUANGKOK CRES,,
984B,BUANGKOK LINK,,
184,EDGEFIELD PLAINS,,
637A,PUNGGOL DR,,
637C,PUNGGOL DR,,
185,EDGEFIELD PLAINS,,
207A,COMPASSVALE LANE,,
394,BT BATOK WEST AVE 5,,
387,BT BATOK WEST AVE 5,,
390,BT BATOK WEST AVE 5,,
981D,BUANGKOK CRES,,
466A,SEMBAWANG DR,,
510B,WELLINGTON CIRCLE,,
506A,WELLINGTON CIRCLE,,
412B,FERNVALE LINK,,
413A,FERNVALE LINK,,
388,BT BATOK WEST AVE 5,,
2A,UPP BOON KENG RD,,
187,PUNGGOL CTRL,,
202A,COMPASSVALE DR,,
654C,JURONG WEST ST 61,,
160A,PUNGGOL CTRL,,
510A,WELLINGTON CIRCLE,,
404A,FERNVALE LANE,,
406A,FERNVALE RD,,
461,CLEMENTI AVE 3,,
121,YUAN CHING RD,,
652,PUNGGOL CTRL,,
466B,SEMBAWANG DR,,
483,ADMIRALTY LINK,,
503A,CANBERRA LINK,,
183,BEDOK NTH RD,,
202A,PUNGGOL FIELD,,
203B,PUNGGOL FIELD,,
146,LOR 2 TOA PAYOH,,
38,BEDOK STH RD,,
916,JURONG WEST ST 91,,
671B,JURONG WEST ST 65,,
180,BEDOK NTH RD,,
671C,JURONG WEST ST 65,,
647,PUNGGOL CTRL,,
268D,COMPASSVALE LINK,,
405B,FERNVALE LANE,,
204D,COMPASSVALE DR,,
324C,SENGKANG EAST WAY,,
145,LOR 2 TOA PAYOH,,
35,EUNOS CRES,,
19,JLN TENTERAM,,
166B,PUNGGOL CTRL,,
48,STRATHMORE AVE,,
262C,COMPASSVALE ST,,
152,LOR 2 TOA PAYOH,,
185,BEDOK NTH RD,,
201B,PUNGGOL FIELD,,
207C,COMPASSVALE LANE,,
306B,ANCHORVALE LINK,,
113,BEDOK NTH ST 2,,
114,BEDOK NTH ST 2,,
47,JLN TIGA,,
2C,UPP BOON KENG RD,,
403D,FERNVALE LANE,,
409A,FERNVALE RD,,
165A,PUNGGOL CTRL,,
508B,WELLINGTON CIRCLE,,
182,BEDOK NTH RD,,
274A,JURONG WEST AVE 3,,
708,YISHUN AVE 5,,
90,TANGLIN HALT RD,,
50,STRATHMORE AVE,,
466C,SEMBAWANG DR,,
147,LOR 2 TOA PAYOH,,
181,BEDOK NTH RD,,
462,CLEMENTI AVE 3,,
33,EUNOS CRES,,
36,EUNOS CRES,,
415,PANDAN GDNS,,
502,JURONG WEST AVE 1,,
165B,PUNGGOL CTRL,,
203A,PUNGGOL FIELD,,
89,TANGLIN HALT RD,,
52,STRATHMORE AVE,,
508A,WELLINGTON CIRCLE,,
466D,SEMBAWANG DR,,
156,RIVERVALE CRES,,
408A,FERNVALE RD,,
702,YISHUN AVE 5,,
48,LOWER DELTA RD,,
302,UBI AVE 1,,
49,JLN TIGA,,
51,STRATHMORE AVE,,
268B,COMPASSVALE LINK,,
405A,FERNVALE LANE,,
154,BT BATOK ST 11,,
151,RIVERVALE CRES,,
301,UBI AVE 1,,
914,JURONG WEST ST 91,,
205A,PUNGGOL FIELD,,
409B,FERNVALE RD,,
80,MARINE PARADE CTRL,,
154,RIVERVALE CRES,,
150,RIVERVALE CRES,,
265B,COMPASSVALE LINK,,
268A,COMPASSVALE LINK,,
267A,COMPASSVALE LINK,,
201B,TAMPINES ST 21,,
6A,BOON TIONG RD,,
45,JLN TIGA,,
3C,UPP BOON KENG RD,,
3D,UPP BOON KENG RD,,
15,MARINE TER,,
75A,REDHILL RD,,
34,EUNOS CRES,,
627,JURONG WEST ST 65,,
204A,PUNGGOL FIELD,,
265C,COMPASSVALE LINK,,
204,TAMPINES ST 21,,
163,WOODLANDS ST 13,,
156,WOODLANDS ST 13,,
226B,ANG MO KIO AVE 1,,
152,BT BATOK ST 11,,
304,UBI AVE 1,,
204C,PUNGGOL FIELD,,
269D,COMPASSVALE LINK,,
408C,FERNVALE RD,,
122,YUAN CHING RD,,
2D,UPP BOON KENG RD,,
49,STRATHMORE AVE,,
18,MARSILING LANE,,
274C,JURONG WEST ST 25,,
3A,UPP BOON KENG RD,,
204D,PUNGGOL FIELD,,
266A,COMPASSVALE BOW,,
269A,COMPASSVALE LINK,,
269C,COMPASSVALE LINK,,
164,WOODLANDS ST 13,,
166,WOODLANDS ST 13,,
153,RIVERVALE CRES,,
265D,COMPASSVALE BOW,,
269B,COMPASSVALE LINK,,
302C,ANCHORVALE LINK,,
26,NEW UPP CHANGI RD,,
31,EUNOS CRES,,
268C,COMPASSVALE LINK,,
307B,ANCHORVALE RD,,
340,ANG MO KIO AVE 1,,
18,JLN TENTERAM,,
267B,COMPASSVALE LINK,,
19,MARSILING LANE,,
389,BT BATOK WEST AVE 5,,
6B,BOON TIONG RD,,
4B,BOON TIONG RD,,
76A,REDHILL RD,,
636B,PUNGGOL DR,,
91,TANGLIN HALT RD,,
264F,COMPASSVALE BOW,,
2B,UPP BOON KENG RD,,
3B,UPP BOON KENG RD,,
265A,COMPASSVALE LINK,,
26A,JLN MEMBINA,,
43,JLN TIGA,,
677B,JURONG WEST ST 64,,
155,RIVERVALE CRES,,
338,ANG MO KIO AVE 1,,
37,CIRCUIT RD,,
152,RIVERVALE CRES,,
32,EUNOS CRES,,
986C,JURONG WEST ST 93,,
675A,JURONG WEST ST 64,,
195D,PUNGGOL RD,,
265E,COMPASSVALE BOW,,
264C,COMPASSVALE BOW,,
50,HAVELOCK RD,,
25B,JLN MEMBINA,,
722,CLEMENTI WEST ST 2,,
989D,JURONG WEST ST 93,,
987D,JURONG WEST ST 93,,
195C,PUNGGOL RD,,
27A,JLN MEMBINA,,
75B,REDHILL RD,,
987C,JURONG WEST ST 93,,
188,BOON LAY DR,,
525,JURONG WEST ST 52,,
337C,TAH CHING RD,,
678C,JURONG WEST ST 64,,
988A,JURONG WEST ST 93,,
274B,JURONG WEST ST 25,,
266B,COMPASSVALE BOW,,
264E,COMPASSVALE BOW,,
16,MARINE TER,,
986A,JURONG WEST ST 93,,
195B,PUNGGOL RD,,
28B,DOVER CRES,,
266C,COMPASSVALE BOW,,
195A,PUNGGOL RD,,
711,YISHUN AVE 5,,
220A,BEDOK CTRL,,
990A,JURONG WEST ST 93,,
264B,COMPASSVALE BOW,,
79B,TOA PAYOH CTRL,,
195E,PUNGGOL RD,,
150,WOODLANDS ST 13,,
530,JURONG WEST ST 52,,
264A,COMPASSVALE BOW,,
264D,COMPASSVALE BOW,,
108,YISHUN RING RD,,
727,CLEMENTI WEST ST 2,,
632B,PUNGGOL DR,,
633B,PUNGGOL DR,,
849,YISHUN RING RD,,
27B,JLN MEMBINA,,
253,JURONG EAST ST 24,,
221B,BEDOK CTRL,,
109,BT BATOK WEST AVE 6,,
25A,JLN MEMBINA,,
26D,JLN MEMBINA,,
305,UBI AVE 1,,
416,PANDAN GDNS,,
989A,JURONG WEST ST 93,,
987B,JURONG WEST ST 93,,
275B,COMPASSVALE LINK,,
273C,COMPASSVALE LINK,,
79C,TOA PAYOH CTRL,,
79E,TOA PAYOH CTRL,,
41,CHAI CHEE ST,,
150,BT BATOK ST 11,,
26B,JLN MEMBINA,,
626,JURONG WEST ST 65,,
436B,FERNVALE RD,,
202,JURONG EAST ST 21,,
990C,JURONG WEST ST 93,,
986B,JURONG WEST ST 93,,
635B,PUNGGOL DR,,
167D,PUNGGOL EAST,,
271B,SENGKANG CTRL,,
220C,BEDOK CTRL,,
157,BT BATOK ST 11,,
26C,JLN MEMBINA,,
721,CLEMENTI WEST ST 2,,
987A,JURONG WEST ST 93,,
632A,PUNGGOL DR,,
989B,JURONG WEST ST 93,,
632C,PUNGGOL DR,,
79A,TOA PAYOH CTRL,,
25,NEW UPP CHANGI RD,,
677A,JURONG WEST ST 64,,
633A,PUNGGOL DR,,
636A,PUNGGOL DR,,
220B,BEDOK CTRL,,
75C,REDHILL RD,,
235,JURONG EAST ST 21,,
990B,JURONG WEST ST 93,,
504,JURONG WEST ST 51,,
678B,JURONG WEST ST 64,,
635A,PUNGGOL DR,,
635C,PUNGGOL DR,,
226E,ANG MO KIO AVE 1,,
436C,FERNVALE RD,,
277B,COMPASSVALE LINK,,
79D,TOA PAYOH CTRL,,
303B,PUNGGOL CTRL,,
678D,JURONG WEST ST 64,,
676B,JURONG WEST ST 64,,
167C,PUNGGOL EAST,,
436D,FERNVALE RD,,
273A,COMPASSVALE LINK,,
168A,PUNGGOL EAST,,
275A,COMPASSVALE LINK,,
275D,COMPASSVALE LINK,,
675B,JURONG WEST ST 64,,
167B,PUNGGOL EAST,,
302B,ANCHORVALE LINK,,
436A,FERNVALE RD,,
148,POTONG PASIR AVE 1,,
167A,PUNGGOL EAST,,
272C,SENGKANG CTRL,,
146,POTONG PASIR AVE 1,,
988B,JURONG WEST ST 93,,
988C,JURONG WEST ST 93,,
168B,PUNGGOL EAST,,
219A,BEDOK CTRL,,
275C,COMPASSVALE LINK,,
252,JURONG EAST ST 24,,
503,JURONG WEST AVE 1,,
676A,JURONG WEST ST 64,,
989C,JURONG WEST ST 93,,
273B,COMPASSVALE LINK,,
277C,COMPASSVALE LINK,,
677C,JURONG WEST ST 64,,
273D,COMPASSVALE LINK,,
219B,BEDOK CTRL,,
28D,DOVER CRES,,
272B,SENGKANG CTRL,,
277A,COMPASSVALE LINK,,
221C,BEDOK CTRL,,
219C,BEDOK CTRL,,
678A,JURONG WEST ST 64,,
272A,SENGKANG CTRL,,
270A,SENGKANG CTRL,,
277D,COMPASSVALE LINK,,
221A,BEDOK CTRL,,
174,BOON LAY DR,,
337A,TAH CHING RD,,
301A,PUNGGOL CTRL,,
132,MARSILING RISE,,
191,BOON LAY DR,,
28C,DOVER CRES,,
272D,SENGKANG CTRL,,
337D,TAH CHING RD,,
219D,BEDOK CTRL,,
338A,TAH CHING RD,,
28A,DOVER CRES,,
301C,PUNGGOL CTRL,,
271A,SENGKANG CTRL,,
256,JURONG EAST ST 24,,
18A,HOLLAND DR,,
516,WEST COAST RD,,
18D,HOLLAND DR,,
301B,PUNGGOL CTRL,,
441B,CLEMENTI AVE 3,,
303A,PUNGGOL CTRL,,
271C,SENGKANG CTRL,,
515A,TAMPINES CTRL 7,,
515B,TAMPINES CTRL 7,,
518C,TAMPINES CTRL 7,,
515C,TAMPINES CTRL 7,,
515D,TAMPINES CTRL 7,,
303C,PUNGGOL CTRL,,
18C,HOLLAND DR,,
518B,TAMPINES CTRL 7,,
518A,TAMPINES CTRL 7,,
18B,HOLLAND DR,,
518D,TAMPINES CTRL 7,,
488,ADMIRALTY LINK,,
489,ADMIRALTY LINK,,
490,ADMIRALTY LINK,,
438A,SENGKANG WEST AVE,,
61C,STRATHMORE AVE,,
62A,STRATHMORE AVE,,
487,ADMIRALTY LINK,,
439A,SENGKANG WEST AVE,,
438B,SENGKANG WEST AVE,,
61A,STRATHMORE AVE,,
302A,PUNGGOL PL,,
62B,STRATHMORE AVE,,
439B,SENGKANG WEST AVE,,
38B,BENDEMEER RD,,
302B,PUNGGOL PL,,
303D,PUNGGOL PL,,
208B,COMPASSVALE LANE,,
1F,CANTONMENT RD,,
337B,TAH CHING RD,,
38A,BENDEMEER RD,,
513,WELLINGTON CIRCLE,,
439C,SENGKANG WEST AVE,,
208A,COMPASSVALE LANE,,
1A,CANTONMENT RD,,
1C,CANTONMENT RD,,
1B,CANTONMENT RD,,
1E,CANTONMENT RD,,
339A,KANG CHING RD,,
38D,BENDEMEER RD,,
5A,UPP BOON KENG RD,,
302D,PUNGGOL PL,,
301D,PUNGGOL PL,,
302C,PUNGGOL PL,,
61B,STRATHMORE AVE,,
209A,COMPASSVALE LANE,,
1G,CANTONMENT RD,,
1D,CANTONMENT RD,,
441A,FERNVALE RD,,
2A,GEYLANG SERAI,,
338B,KANG CHING RD,,
339D,KANG CHING RD,,
209C,COMPASSVALE LANE,,
441C,FERNVALE RD,,
53,HAVELOCK RD,,
2C,GEYLANG SERAI,,
58,HAVELOCK RD,,
441B,FERNVALE RD,,
441D,FERNVALE RD,,
308A,ANG MO KIO AVE 1,,
310A,ANG MO KIO AVE 1,,
310B,ANG MO KIO AVE 1,,
54,HAVELOCK RD,,
310C,ANG MO KIO AVE 1,,
308B,ANG MO KIO AVE 1,,
307A,ANG MO KIO AVE 1,,
56,HAVELOCK RD,,
2B,GEYLANG SERAI,,
2D,GEYLANG SERAI,,
526,JURONG WEST ST 52,,
339C,KANG CHING RD,,
3A,GEYLANG SERAI,,
339B,KANG CHING RD,,
39A,BENDEMEER RD,,
601C,PUNGGOL CTRL,,
22,GHIM MOH LINK,,
28,GHIM MOH LINK,,
209B,COMPASSVALE LANE,,
126A,KIM TIAN RD,,
127D,KIM TIAN RD,,
176,BOON LAY DR,,
602A,PUNGGOL CTRL,,
306B,PUNGGOL PL,,
23,GHIM MOH LINK,,
55,HAVELOCK RD,,
535,CHOA CHU KANG ST 51,,
38C,BENDEMEER RD,,
601D,PUNGGOL CTRL,,
604B,PUNGGOL RD,,
601A,PUNGGOL CTRL,,
603A,PUNGGOL RD,,
306A,PUNGGOL PL,,
443A,FERNVALE RD,,
127A,KIM TIAN RD,,
441A,CLEMENTI AVE 3,,
175,BOON LAY DR,,
602C,PUNGGOL CTRL,,
306C,PUNGGOL PL,,
305A,PUNGGOL RD,,
602B,PUNGGOL CTRL,,
306D,PUNGGOL DR,,
603B,PUNGGOL RD,,
603C,PUNGGOL RD,,
8,BOON KENG RD,,
305D,PUNGGOL DR,,
410A,FERNVALE RD,,
211D,COMPASSVALE LANE,,
210B,COMPASSVALE LANE,,
210A,COMPASSVALE LANE,,
299A,TAMPINES ST 22,,
442,YISHUN AVE 11,,
448,YISHUN RING RD,,
126C,KIM TIAN RD,,
7,BOON KENG RD,,
9,BOON KENG RD,,
410C,FERNVALE RD,,
307B,ANG MO KIO AVE 1,,
458,SEGAR RD,,
986B,BUANGKOK CRES,,
601B,PUNGGOL CTRL,,
604C,PUNGGOL RD,,
614B,EDGEFIELD PLAINS,,
613D,PUNGGOL DR,,
27,GHIM MOH LINK,,
443C,FERNVALE RD,,
443B,FERNVALE RD,,
210C,COMPASSVALE LANE,,
211A,COMPASSVALE LANE,,
127C,KIM TIAN RD,,
457,SEGAR RD,,
986A,BUANGKOK CRES,,
22,TEBAN GDNS RD,,
604A,PUNGGOL RD,,
612A,PUNGGOL DR,,
305B,PUNGGOL RD,,
411A,FERNVALE RD,,
411B,FERNVALE RD,,
410B,FERNVALE RD,,
167B,SIMEI LANE,,
168C,SIMEI LANE,,
167C,SIMEI LANE,,
168D,SIMEI LANE,,
438,YISHUN AVE 11,,
452,YISHUN RING RD,,
451,YISHUN RING RD,,
52,HAVELOCK RD,,
456,SEGAR RD,,
455,SEGAR RD,,
613B,PUNGGOL DR,,
612D,PUNGGOL DR,,
613C,PUNGGOL DR,,
615C,EDGEFIELD PLAINS,,
614A,EDGEFIELD PLAINS,,
213B,COMPASSVALE LANE,,
212C,COMPASSVALE DR,,
213A,COMPASSVALE LANE,,
445B,FERNVALE RD,,
445A,FERNVALE RD,,
168B,SIMEI LANE,,
168A,SIMEI LANE,,
167A,SIMEI LANE,,
443,YISHUN AVE 11,,
445,YISHUN AVE 11,,
307C,ANG MO KIO AVE 1,,
425,CLEMENTI AVE 1,,
615B,EDGEFIELD PLAINS,,
613A,PUNGGOL DR,,
211B,COMPASSVALE LANE,,
167D,SIMEI LANE,,
449,YISHUN RING RD,,
450,YISHUN RING RD,,
420,CLEMENTI AVE 1,,
612C,PUNGGOL DR,,
267B,PUNGGOL FIELD,,
211C,COMPASSVALE LANE,,
212B,COMPASSVALE DR,,
212A,COMPASSVALE DR,,
424,CLEMENTI AVE 1,,
421,CLEMENTI AVE 1,,
416,CLEMENTI AVE 1,,
20,TEBAN GDNS RD,,
615A,EDGEFIELD PLAINS,,
612B,PUNGGOL DR,,
288C,PUNGGOL PL,,
446,YISHUN AVE 11,,
588B,ANG MO KIO ST 52,,
588A,ANG MO KIO ST 52,,
588C,ANG MO KIO ST 52,,
273A,BISHAN ST 24,,
57,HAVELOCK RD,,
267A,PUNGGOL FIELD,,
270A,PUNGGOL FIELD,,
269A,PUNGGOL FIELD,,
588D,ANG MO KIO ST 52,,
273B,BISHAN ST 24,,
275A,BISHAN ST 24,,
288B,PUNGGOL PL,,
267C,PUNGGOL FIELD,,
268A,PUNGGOL FIELD,,
26,GHIM MOH LINK,,
418,CLEMENTI AVE 1,,
23,TEBAN GDNS RD,,
268D,PUNGGOL FIELD,,
274A,PUNGGOL PL,,
270B,PUNGGOL FIELD,,
288A,PUNGGOL PL,,
289D,PUNGGOL PL,,
270C,PUNGGOL FIELD,,
454,YISHUN ST 41,,
80C,TELOK BLANGAH ST 31,,
476C,CHOA CHU KANG AVE 5,,
423,CLEMENTI AVE 1,,
268C,PUNGGOL FIELD,,
269C,PUNGGOL FIELD,,
268B,PUNGGOL FIELD,,
289B,PUNGGOL PL,,
273D,PUNGGOL PL,,
273A,PUNGGOL PL,,
617C,PUNGGOL DR,,
618B,PUNGGOL DR,,
435A,FERNVALE RD,,
434A,FERNVALE RD,,
80A,TELOK BLANGAH ST 31,,
289A,PUNGGOL PL,,
274C,PUNGGOL PL,,
269B,PUNGGOL FIELD,,
617B,PUNGGOL DR,,
273C,PUNGGOL PL,,
446C,JLN KAYU,,
476B,CHOA CHU KANG AVE 5,,
617D,PUNGGOL DR,,
434B,FERNVALE RD,,
435B,FERNVALE RD,,
455,YISHUN ST 41,,
456,YISHUN ST 41,,
619C,PUNGGOL DR,,
619A,PUNGGOL DR,,
618C,PUNGGOL DR,,
273B,PUNGGOL PL,,
274D,PUNGGOL PL,,
289C,PUNGGOL PL,,
447A,JLN KAYU,,
435C,FERNVALE RD,,
572B,WOODLANDS AVE 1,,
12B,MARSILING LANE,,
457,YISHUN ST 41,,
453,YISHUN ST 41,,
633A,SENJA RD,,
633B,SENJA RD,,
476A,CHOA CHU KANG AVE 5,,
476D,CHOA CHU KANG AVE 5,,
618D,PUNGGOL DR,,
618A,PUNGGOL DR,,
619B,PUNGGOL DR,,
12A,MARSILING LANE,,
12C,MARSILING LANE,,
458,YISHUN AVE 11,,
274B,PUNGGOL PL,,
138B,LOR 1A TOA PAYOH,,
459,YISHUN AVE 11,,
80B,TELOK BLANGAH ST 31,,
623C,PUNGGOL CTRL,,
623A,PUNGGOL CTRL,,
619D,PUNGGOL DR,,
624C,PUNGGOL CTRL,,
51,C'WEALTH DR,,
53,C'WEALTH DR,,
50,C'WEALTH DR,,
446B,JLN KAYU,,
139A,LOR 1A TOA PAYOH,,
138A,LOR 1A TOA PAYOH,,
570C,WOODLANDS AVE 1,,
633C,SENJA RD,,
417,CLEMENTI AVE 1,,
623B,PUNGGOL CTRL,,
52,C'WEALTH DR,,
447B,JLN KAYU,,
138C,LOR 1A TOA PAYOH,,
139B,LOR 1A TOA PAYOH,,
169B,PUNGGOL FIELD,,
168C,PUNGGOL FIELD,,
168D,PUNGGOL FIELD,,
271B,PUNGGOL WALK,,
570A,WOODLANDS AVE 1,,
570B,WOODLANDS AVE 1,,
633D,SENJA RD,,
505,WEST COAST DR,,
622A,PUNGGOL CTRL,,
617A,PUNGGOL DR,,
571A,WOODLANDS AVE 1,,
624B,PUNGGOL CTRL,,
169C,PUNGGOL FIELD,,
271D,PUNGGOL WALK,,
272B,PUNGGOL WALK,,
271A,PUNGGOL WALK,,
271C,PUNGGOL WALK,,
571C,WOODLANDS AVE 1,,
571B,WOODLANDS AVE 1,,
181A,BOON LAY DR,,
622B,PUNGGOL CTRL,,
170C,PUNGGOL FIELD,,
624A,PUNGGOL CTRL,,
208C,PUNGGOL PL,,
272A,PUNGGOL WALK,,
272C,PUNGGOL WALK,,
170B,PUNGGOL FIELD,,
169A,PUNGGOL FIELD,,
207A,PUNGGOL PL,,
572A,WOODLANDS AVE 1,,
372,JURONG EAST ST 32,,
180A,BOON LAY DR,,
622C,PUNGGOL CTRL,,
207B,PUNGGOL PL,,
450A,SENGKANG WEST WAY,,
499B,TAMPINES AVE 9,,
180B,BOON LAY DR,,
207C,PUNGGOL PL,,
272D,PUNGGOL WALK,,
180C,BOON LAY DR,,
208B,PUNGGOL PL,,
211B,PUNGGOL WALK,,
170A,PUNGGOL FIELD,,
207D,PUNGGOL PL,,
987A,BUANGKOK GREEN,,
371,JURONG EAST ST 32,,
209C,PUNGGOL PL,,
208A,PUNGGOL PL,,
180A,RIVERVALE CRES,,
450B,SENGKANG WEST WAY,,
178D,RIVERVALE CRES,,
448A,SENGKANG WEST WAY,,
430D,FERNVALE LINK,,
499A,TAMPINES AVE 9,,
887C,WOODLANDS DR 50,,
181B,BOON LAY DR,,
180D,RIVERVALE CRES,,
430C,FERNVALE LINK,,
450C,SENGKANG WEST WAY,,
433B,SENGKANG WEST WAY,,
987B,BUANGKOK GREEN,,
211D,PUNGGOL WALK,,
211A,PUNGGOL WALK,,
210B,PUNGGOL PL,,
180B,RIVERVALE CRES,,
432B,SENGKANG WEST WAY,,
178A,RIVERVALE CRES,,
886D,WOODLANDS DR 50,,
887A,WOODLANDS DR 50,,
987C,BUANGKOK GREEN,,
988A,BUANGKOK GREEN,,
988C,BUANGKOK GREEN,,
211C,PUNGGOL WALK,,
210C,PUNGGOL PL,,
213B,PUNGGOL WALK,,
448B,SENGKANG WEST WAY,,
180C,RIVERVALE CRES,,
887B,WOODLANDS DR 50,,
886C,WOODLANDS DR 50,,
9B,BOON TIONG RD,,
988B,BUANGKOK GREEN,,
210A,PUNGGOL PL,,
212A,PUNGGOL WALK,,
209A,PUNGGOL PL,,
213A,PUNGGOL WALK,,
430A,FERNVALE LINK,,
430B,FERNVALE LINK,,
886B,WOODLANDS DR 50,,
9A,BOON TIONG RD,,
174A,HOUGANG AVE 1,,
212B,PUNGGOL WALK,,
209B,PUNGGOL PL,,
213C,PUNGGOL WALK,,
178B,RIVERVALE CRES,,
433A,SENGKANG WEST WAY,,
432A,SENGKANG WEST WAY,,
886A,WOODLANDS DR 50,,
10A,BOON TIONG RD,,
570,CHOA CHU KANG ST 52,,
573,CHOA CHU KANG ST 52,,
183A,BOON LAY AVE,,
183D,BOON LAY AVE,,
463B,SEMBAWANG DR,,
178C,RIVERVALE CRES,,
426A,YISHUN AVE 11,,
347A,YISHUN AVE 11,,
488,SEGAR RD,,
572,CHOA CHU KANG ST 52,,
574,CHOA CHU KANG ST 52,,
183C,BOON LAY AVE,,
265A,PUNGGOL WAY,,
463C,SEMBAWANG DR,,
451A,SENGKANG WEST WAY,,
348D,YISHUN AVE 11,,
426C,YISHUN AVE 11,,
336B,YISHUN ST 31,,
426D,YISHUN AVE 11,,
336C,YISHUN ST 31,,
486,SEGAR RD,,
487,SEGAR RD,,
166A,TECK WHYE CRES,,
183B,BOON LAY AVE,,
265C,PUNGGOL WAY,,
265B,PUNGGOL WAY,,
463A,SEMBAWANG DR,,
426B,YISHUN AVE 11,,
428B,YISHUN AVE 11,,
485,SEGAR RD,,
265D,PUNGGOL WAY,,
452B,SENGKANG WEST WAY,,
452A,SENGKANG WEST WAY,,
782A,WOODLANDS CRES,,
348A,YISHUN AVE 11,,
347B,YISHUN AVE 11,,
348C,YISHUN AVE 11,,
571,CHOA CHU KANG ST 52,,
266C,PUNGGOL WAY,,
590A,MONTREAL LINK,,
451B,SENGKANG WEST WAY,,
326A,ANCHORVALE RD,,
780B,WOODLANDS CRES,,
782D,WOODLANDS CRES,,
782B,WOODLANDS CRES,,
348B,YISHUN AVE 11,,
316B,YISHUN AVE 9,,
546B,SEGAR RD,,
196B,BOON LAY DR,,
266B,PUNGGOL WAY,,
266D,PUNGGOL WAY,,
591A,MONTREAL LINK,,
592B,MONTREAL LINK,,
593A,MONTREAL LINK,,
592C,MONTREAL LINK,,
780E,WOODLANDS CRES,,
424D,YISHUN AVE 11,,
335C,YISHUN ST 31,,
336A,YISHUN ST 31,,
546A,SEGAR RD,,
471A,UPP SERANGOON CRES,,
197C,BOON LAY DR,,
313B,SUMANG LINK,,
592A,MONTREAL LINK,,
590B,MONTREAL LINK,,
326B,ANCHORVALE RD,,
327A,ANCHORVALE RD,,
327C,ANCHORVALE RD,,
282B,SENGKANG EAST AVE,,
281B,SENGKANG EAST AVE,,
282A,SENGKANG EAST AVE,,
522A,TAMPINES CTRL 7,,
522C,TAMPINES CTRL 7,,
782C,WOODLANDS CRES,,
780A,WOODLANDS CRES,,
780C,WOODLANDS CRES,,
780D,WOODLANDS CRES,,
424A,YISHUN AVE 11,,
333B,YISHUN ST 31,,
430A,YISHUN AVE 11,,
333A,YISHUN ST 31,,
315B,YISHUN AVE 9,,
334B,YISHUN ST 31,,
315A,YISHUN AVE 9,,
547D,SEGAR RD,,
547A,SEGAR RD,,
546C,SEGAR RD,,
166B,TECK WHYE CRES,,
470A,UPP SERANGOON CRES,,
470C,UPP SERANGOON CRES,,
471B,UPP SERANGOON CRES,,
313A,SUMANG LINK,,
593B,MONTREAL LINK,,
590C,MONTREAL LINK,,
281A,SENGKANG EAST AVE,,
332C,ANCHORVALE LINK,,
327B,ANCHORVALE RD,,
332A,ANCHORVALE LINK,,
332B,ANCHORVALE LINK,,
333D,ANCHORVALE LINK,,
333B,ANCHORVALE LINK,,
280A,SENGKANG EAST AVE,,
869A,TAMPINES AVE 8,,
869B,TAMPINES AVE 8,,
780F,WOODLANDS CRES,,
424C,YISHUN AVE 11,,
428A,YISHUN AVE 11,,
431C,YISHUN AVE 1,,
431B,YISHUN AVE 1,,
315C,YISHUN AVE 9,,
318C,YISHUN AVE 9,,
316C,YISHUN AVE 9,,
547B,SEGAR RD,,
174B,HOUGANG AVE 1,,
470B,UPP SERANGOON CRES,,
196A,BOON LAY DR,,
197B,BOON LAY DR,,
197D,BOON LAY DR,,
312C,SUMANG LINK,,
312A,SUMANG LINK,,
266A,PUNGGOL WAY,,
453B,FERNVALE RD,,
334A,ANCHORVALE CRES,,
326C,ANCHORVALE RD,,
333C,ANCHORVALE LINK,,
280B,SENGKANG EAST AVE,,
282C,SENGKANG EAST AVE,,
868A,TAMPINES AVE 8,,
522B,TAMPINES CTRL 7,,
782E,WOODLANDS CRES,,
424B,YISHUN AVE 11,,
316A,YISHUN AVE 9,,
430B,YISHUN AVE 11,,
429B,YISHUN AVE 11,,
431D,YISHUN AVE 1,,
334C,YISHUN ST 31,,
432D,YISHUN AVE 1,,
432C,YISHUN AVE 1,,
175C,YUNG KUANG RD,,
175A,YUNG KUANG RD,,
527A,PASIR RIS ST 51,,
313C,SUMANG LINK,,
453A,FERNVALE RD,,
331C,ANCHORVALE ST,,
279C,SENGKANG EAST AVE,,
326D,ANCHORVALE RD,,
333A,ANCHORVALE LINK,,
334B,ANCHORVALE CRES,,
868C,TAMPINES AVE 8,,
523B,TAMPINES CTRL 7,,
523C,TAMPINES CTRL 7,,
342B,YISHUN RING RD,,
432B,YISHUN AVE 1,,
334D,YISHUN ST 31,,
197A,BOON LAY DR,,
175B,YUNG KUANG RD,,
526A,PASIR RIS ST 51,,
525C,PASIR RIS ST 51,,
524A,PASIR RIS ST 51,,
312B,SUMANG LINK,,
264A,PUNGGOL WAY,,
453D,FERNVALE RD,,
279A,SENGKANG EAST AVE,,
440A,FERNVALE LINK,,
329A,ANCHORVALE ST,,
453C,FERNVALE RD,,
279B,SENGKANG EAST AVE,,
519C,TAMPINES CTRL 8,,
317C,YISHUN AVE 9,,
431A,YISHUN AVE 1,,
317A,YISHUN AVE 9,,
318B,YISHUN AVE 9,,
318A,YISHUN AVE 9,,
547C,SEGAR RD,,
459,SEGAR RD,,
527B,PASIR RIS ST 51,,
261C,PUNGGOL WAY,,
440C,FERNVALE LINK,,
329B,ANCHORVALE ST,,
440B,FERNVALE LINK,,
331B,ANCHORVALE ST,,
335B,ANCHORVALE CRES,,
524B,TAMPINES CTRL 7,,
520A,TAMPINES CTRL 8,,
519B,TAMPINES CTRL 8,,
523A,TAMPINES CTRL 7,,
519D,TAMPINES CTRL 8,,
333D,YISHUN ST 31,,
342C,YISHUN RING RD,,
334A,YISHUN ST 31,,
335A,YISHUN ST 31,,
432A,YISHUN AVE 1,,
461,SEGAR RD,,
635B,SENJA RD,,
550B,SEGAR RD,,
138A,YUAN CHING RD,,
528B,PASIR RIS ST 51,,
525A,PASIR RIS ST 51,,
526D,PASIR RIS ST 51,,
526B,PASIR RIS ST 51,,
520C,TAMPINES CTRL 8,,
523D,TAMPINES CTRL 7,,
180B,MARSILING RD,,
504A,YISHUN ST 51,,
335B,YISHUN ST 31,,
333C,YISHUN ST 31,,
10B,BOON TIONG RD,,
548B,SEGAR RD,,
460,SEGAR RD,,
549B,SEGAR RD,,
634A,SENJA RD,,
635A,SENJA RD,,
549A,SEGAR RD,,
476B,UPP SERANGOON VIEW,,
528A,PASIR RIS ST 51,,
525B,PASIR RIS ST 51,,
526C,PASIR RIS ST 51,,
524B,PASIR RIS ST 51,,
259B,PUNGGOL FIELD,,
334C,ANCHORVALE CRES,,
330B,ANCHORVALE ST,,
331A,ANCHORVALE ST,,
335A,ANCHORVALE CRES,,
336B,ANCHORVALE CRES,,
335C,ANCHORVALE CRES,,
336D,ANCHORVALE CRES,,
890C,TAMPINES AVE 1,,
890A,TAMPINES AVE 1,,
524A,TAMPINES CTRL 7,,
519A,TAMPINES CTRL 8,,
429A,YISHUN AVE 11,,
317B,YISHUN AVE 9,,
505C,YISHUN ST 51,,
747A,BEDOK RESERVOIR CRES,,
748A,BEDOK RESERVOIR CRES,,
748C,BEDOK RESERVOIR CRES,,
747B,BEDOK RESERVOIR CRES,,
550A,SEGAR RD,,
454,FAJAR RD,,
636B,SENJA RD,,
475C,UPP SERANGOON CRES,,
475B,UPP SERANGOON CRES,,
138D,YUAN CHING RD,,
527C,PASIR RIS ST 51,,
528C,PASIR RIS ST 51,,
261A,PUNGGOL WAY,,
672D,EDGEFIELD PLAINS,,
259A,PUNGGOL FIELD,,
259C,PUNGGOL FIELD,,
667A,PUNGGOL DR,,
260A,PUNGGOL WAY,,
336A,ANCHORVALE CRES,,
336C,ANCHORVALE CRES,,
330A,ANCHORVALE ST,,
890B,TAMPINES AVE 1,,
342A,YISHUN RING RD,,
504D,YISHUN ST 51,,
505B,YISHUN ST 51,,
505D,YISHUN ST 51,,
650,ANG MO KIO ST 61,,
634B,SENJA RD,,
488A,CHOA CHU KANG AVE 5,,
476A,UPP SERANGOON VIEW,,
477A,UPP SERANGOON VIEW,,
475D,UPP SERANGOON CRES,,
138C,YUAN CHING RD,,
138B,YUAN CHING RD,,
524C,PASIR RIS ST 51,,
673C,EDGEFIELD PLAINS,,
261B,PUNGGOL WAY,,
666B,PUNGGOL DR,,
416B,FERNVALE LINK,,
414A,FERNVALE LINK,,
494E,TAMPINES ST 43,,
180A,MARSILING RD,,
505A,YISHUN ST 51,,
748B,BEDOK RESERVOIR CRES,,
747C,BEDOK RESERVOIR CRES,,
311B,CLEMENTI AVE 4,,
311C,CLEMENTI AVE 4,,
311A,CLEMENTI AVE 4,,
475A,UPP SERANGOON CRES,,
477B,UPP SERANGOON VIEW,,
527D,PASIR RIS ST 51,,
672C,EDGEFIELD PLAINS,,
673B,EDGEFIELD PLAINS,,
672A,EDGEFIELD PLAINS,,
666A,PUNGGOL DR,,
258B,PUNGGOL FIELD,,
260C,PUNGGOL WAY,,
260B,PUNGGOL WAY,,
414B,FERNVALE LINK,,
416C,FERNVALE LINK,,
415B,FERNVALE LINK,,
636A,SENJA RD,,
548A,SEGAR RD,,
636C,SENJA RD,,
487B,CHOA CHU KANG AVE 5,,
476C,UPP SERANGOON VIEW,,
477C,UPP SERANGOON VIEW,,
672B,EDGEFIELD PLAINS,,
667B,PUNGGOL DR,,
673A,EDGEFIELD PLAINS,,
665A,PUNGGOL DR,,
258A,PUNGGOL FIELD,,
92,DAWSON RD,,
89,DAWSON RD,,
415A,FERNVALE LINK,,
416A,FERNVALE LINK,,
415C,FERNVALE LINK,,
472C,FERNVALE ST,,
469B,SENGKANG WEST WAY,,
494D,TAMPINES ST 43,,
504C,YISHUN ST 51,,
504B,YISHUN ST 51,,
807B,CHAI CHEE RD,,
489C,CHOA CHU KANG AVE 5,,
489A,CHOA CHU KANG AVE 5,,
487C,CHOA CHU KANG AVE 5,,
665C,PUNGGOL DR,,
308B,PUNGGOL WALK,,
308C,PUNGGOL WALK,,
671A,EDGEFIELD PLAINS,,
258C,PUNGGOL FIELD,,
468B,FERNVALE LINK,,
490B,CHOA CHU KANG AVE 5,,
489D,CHOA CHU KANG AVE 5,,
490D,CHOA CHU KANG AVE 5,,
308A,PUNGGOL WALK,,
86,DAWSON RD,,
90,DAWSON RD,,
471C,FERNVALE ST,,
472A,FERNVALE ST,,
807A,CHAI CHEE RD,,
488B,CHOA CHU KANG AVE 5,,
488C,CHOA CHU KANG AVE 5,,
671B,EDGEFIELD PLAINS,,
469C,SENGKANG WEST WAY,,
443A,FAJAR RD,,
443B,FAJAR RD,,
442D,FAJAR RD,,
490C,CHOA CHU KANG AVE 5,,
490A,CHOA CHU KANG AVE 5,,
487A,CHOA CHU KANG AVE 5,,
489B,CHOA CHU KANG AVE 5,,
376A,HOUGANG ST 32,,
376B,HOUGANG ST 32,,
530C,PASIR RIS DR 1,,
670A,EDGEFIELD PLAINS,,
663A,PUNGGOL DR,,
310A,PUNGGOL WALK,,
670C,EDGEFIELD PLAINS,,
665B,PUNGGOL DR,,
91,DAWSON RD,,
470A,FERNVALE LINK,,
469A,SENGKANG WEST WAY,,
807C,CHAI CHEE RD,,
808A,CHAI CHEE RD,,
443C,FAJAR RD,,
443D,FAJAR RD,,
807A,CHOA CHU KANG AVE 1,,
488D,CHOA CHU KANG AVE 5,,
440C,CLEMENTI AVE 3,,
18D,CIRCUIT RD,,
17B,CIRCUIT RD,,
17A,CIRCUIT RD,,
664A,PUNGGOL DR,,
310C,PUNGGOL WALK,,
668B,EDGEFIELD PLAINS,,
670B,EDGEFIELD PLAINS,,
663C,PUNGGOL DR,,
664B,PUNGGOL DR,,
679B,PUNGGOL DR,,
679C,PUNGGOL DR,,
679A,PUNGGOL DR,,
310B,PUNGGOL WALK,,
669B,EDGEFIELD PLAINS,,
669A,EDGEFIELD PLAINS,,
663B,PUNGGOL DR,,
93,DAWSON RD,,
467A,FERNVALE LINK,,
471A,FERNVALE ST,,
472B,FERNVALE ST,,
471B,FERNVALE ST,,
293D,COMPASSVALE CRES,,
468C,FERNVALE LINK,,
871C,TAMPINES ST 86,,
808C,CHAI CHEE RD,,
96A,HENDERSON RD,,
442B,FAJAR RD,,
442C,FAJAR RD,,
18A,CIRCUIT RD,,
316,HOUGANG AVE 7,,
57,TEBAN GDNS RD,,
256C,SUMANG WALK,,
256D,SUMANG WALK,,
678A,PUNGGOL DR,,
87,DAWSON RD,,
868B,TAMPINES AVE 8,,
440B,CLEMENTI AVE 3,,
376C,HOUGANG ST 32,,
8A,UPP BOON KENG RD,,
530B,PASIR RIS DR 1,,
530A,PASIR RIS DR 1,,
668A,EDGEFIELD PLAINS,,
88,DAWSON RD,,
470B,FERNVALE LINK,,
473A,FERNVALE ST,,
294A,COMPASSVALE CRES,,
468A,FERNVALE LINK,,
470C,FERNVALE LINK,,
164A,RIVERVALE CRES,,
808B,CHAI CHEE RD,,
95C,HENDERSON RD,,
815A,CHOA CHU KANG AVE 7,,
18C,CIRCUIT RD,,
18B,CIRCUIT RD,,
55,TEBAN GDNS RD,,
8B,UPP BOON KENG RD,,
256B,SUMANG WALK,,
677A,PUNGGOL DR,,
316C,PUNGGOL WAY,,
256A,SUMANG WALK,,
678B,PUNGGOL DR,,
467B,FERNVALE LINK,,
164B,RIVERVALE CRES,,
293A,COMPASSVALE CRES,,
164C,RIVERVALE CRES,,
870A,TAMPINES ST 86,,
871B,TAMPINES ST 86,,
809B,CHOA CHU KANG AVE 1,,
807B,CHOA CHU KANG AVE 1,,
803A,KEAT HONG CL,,
805A,KEAT HONG CL,,
808D,CHOA CHU KANG AVE 1,,
809A,CHOA CHU KANG AVE 1,,
56,TEBAN GDNS RD,,
698B,JURONG WEST CTRL 3,,
698C,JURONG WEST CTRL 3,,
530D,PASIR RIS DR 1,,
121B,EDGEDALE PLAINS,,
676A,PUNGGOL DR,,
678C,PUNGGOL DR,,
676C,PUNGGOL DR,,
293C,COMPASSVALE CRES,,
216A,COMPASSVALE DR,,
520B,TAMPINES CTRL 8,,
889C,WOODLANDS DR 50,,
889A,WOODLANDS DR 50,,
807C,CHOA CHU KANG AVE 1,,
440A,CLEMENTI AVE 3,,
697A,JURONG WEST CTRL 3,,
676D,PUNGGOL DR,,
676B,PUNGGOL DR,,
677B,PUNGGOL DR,,
316D,PUNGGOL WAY,,
163C,RIVERVALE CRES,,
293B,COMPASSVALE CRES,,
215B,COMPASSVALE DR,,
163B,RIVERVALE CRES,,
163A,RIVERVALE CRES,,
7,UPP ALJUNIED LANE,,
302A,WOODLANDS ST 31,,
889B,WOODLANDS DR 50,,
96B,HENDERSON RD,,
70A,TELOK BLANGAH HTS,,
803B,KEAT HONG CL,,
804A,KEAT HONG CL,,
808A,CHOA CHU KANG AVE 1,,
815C,CHOA CHU KANG AVE 7,,
63,SIMS PL,,
697B,JURONG WEST CTRL 3,,
315A,PUNGGOL WAY,,
122A,EDGEDALE PLAINS,,
677D,PUNGGOL DR,,
216B,COMPASSVALE DR,,
9,JOO SENG RD,,
889D,WOODLANDS DR 50,,
339,ANG MO KIO AVE 1,,
95B,HENDERSON RD,,
70B,TELOK BLANGAH HTS,,
804B,KEAT HONG CL,,
808C,CHOA CHU KANG AVE 1,,
815B,CHOA CHU KANG AVE 7,,
808B,CHOA CHU KANG AVE 1,,
473B,UPP SERANGOON CRES,,
8C,UPP BOON KENG RD,,
162C,RIVERVALE CRES,,
162B,RIVERVALE CRES,,
162A,RIVERVALE CRES,,
217A,COMPASSVALE DR,,
890A,WOODLANDS DR 50,,
95A,HENDERSON RD,,
811A,CHOA CHU KANG AVE 7,,
803C,KEAT HONG CL,,
816A,KEAT HONG LINK,,
805B,KEAT HONG CL,,
816B,KEAT HONG LINK,,
473A,UPP SERANGOON CRES,,
473C,UPP SERANGOON CRES,,
116A,JLN TENTERAM,,
120B,EDGEDALE PLAINS,,
217C,SUMANG WALK,,
122B,EDGEDALE PLAINS,,
661A,EDGEDALE PLAINS,,
677C,PUNGGOL DR,,
315B,PUNGGOL WAY,,
217A,SUMANG WALK,,
217B,SUMANG WALK,,
217C,COMPASSVALE DR,,
878B,TAMPINES AVE 8,,
890B,WOODLANDS DR 50,,
717B,WOODLANDS DR 70,,
511A,YISHUN ST 51,,
70C,TELOK BLANGAH HTS,,
803D,KEAT HONG CL,,
810A,CHOA CHU KANG AVE 7,,
312C,CLEMENTI AVE 4,,
473D,UPP SERANGOON CRES,,
120A,EDGEDALE PLAINS,,
217D,SUMANG WALK,,
314B,PUNGGOL WAY,,
217B,COMPASSVALE DR,,
274A,COMPASSVALE BOW,,
215A,COMPASSVALE DR,,
506C,YISHUN AVE 4,,
511B,YISHUN ST 51,,
817A,KEAT HONG LINK,,
805C,KEAT HONG CL,,
817B,KEAT HONG LINK,,
698A,JURONG WEST CTRL 3,,
116B,JLN TENTERAM,,
662A,EDGEDALE PLAINS,,
662C,EDGEDALE PLAINS,,
662B,EDGEDALE PLAINS,,
314A,PUNGGOL WAY,,
286C,COMPASSVALE CRES,,
278B,COMPASSVALE BOW,,
717A,WOODLANDS DR 70,,
194B,BT BATOK WEST AVE 6,,
194A,BT BATOK WEST AVE 6,,
810B,CHOA CHU KANG AVE 7,,
812C,CHOA CHU KANG AVE 7,,
805D,KEAT HONG CL,,
802A,KEAT HONG CL,,
801A,KEAT HONG CL,,
313,HOUGANG AVE 5,,
316A,PUNGGOL WAY,,
661C,EDGEDALE PLAINS,,
286A,COMPASSVALE CRES,,
216C,COMPASSVALE DR,,
278A,COMPASSVALE BOW,,
286B,COMPASSVALE CRES,,
879B,TAMPINES AVE 8,,
878A,TAMPINES AVE 8,,
512A,YISHUN ST 51,,
506A,YISHUN AVE 4,,
801C,KEAT HONG CL,,
801B,KEAT HONG CL,,
818B,CHOA CHU KANG AVE 1,,
812B,CHOA CHU KANG AVE 7,,
119,ALJUNIED AVE 2,,
932B,HOUGANG AVE 9,,
117B,JLN TENTERAM,,
661B,EDGEDALE PLAINS,,
216D,COMPASSVALE DR,,
671A,YISHUN AVE 4,,
511C,YISHUN ST 51,,
501A,YISHUN ST 51,,
818A,CHOA CHU KANG AVE 1,,
812A,CHOA CHU KANG AVE 7,,
818C,CHOA CHU KANG AVE 1,,
811B,CHOA CHU KANG AVE 7,,
801D,KEAT HONG CL,,
817C,KEAT HONG LINK,,
312B,CLEMENTI AVE 4,,
932A,HOUGANG AVE 9,,
364B,UPP SERANGOON RD,,
697C,JURONG WEST CTRL 3,,
10A,BENDEMEER RD,,
316B,PUNGGOL WAY,,
662D,EDGEDALE PLAINS,,
119A,CANBERRA CRES,,
274C,COMPASSVALE BOW,,
274B,COMPASSVALE BOW,,
287C,COMPASSVALE CRES,,
879A,TAMPINES AVE 8,,
512B,YISHUN ST 51,,
507A,YISHUN AVE 4,,
506B,YISHUN AVE 4,,
802B,KEAT HONG CL,,
312A,CLEMENTI AVE 4,,
52,CASSIA CRES,,
365A,UPP SERANGOON RD,,
364A,UPP SERANGOON RD,,
365B,UPP SERANGOON RD,,
113C,MCNAIR RD,,
119B,CANBERRA CRES,,
288B,COMPASSVALE CRES,,
287A,COMPASSVALE CRES,,
288A,COMPASSVALE CRES,,
671B,YISHUN AVE 4,,
208A,CLEMENTI AVE 6,,
315,HOUGANG AVE 5,,
933A,HOUGANG AVE 9,,
117A,JLN TENTERAM,,
113D,MCNAIR RD,,
288C,COMPASSVALE CRES,,
508A,YISHUN AVE 4,,
501B,YISHUN ST 51,,
512C,YISHUN ST 51,,
802C,KEAT HONG CL,,
208B,CLEMENTI AVE 6,,
365C,UPP SERANGOON RD,,
113B,MCNAIR RD,,
113A,MCNAIR RD,,
227A,SUMANG LANE,,
226A,SUMANG LANE,,
121B,CANBERRA ST,,
121D,CANBERRA ST,,
289A,COMPASSVALE CRES,,
289B,COMPASSVALE CRES,,
278C,COMPASSVALE BOW,,
287B,COMPASSVALE CRES,,
502A,YISHUN ST 51,,
508B,YISHUN AVE 4,,
260A,ANG MO KIO ST 21,,
105A,DEPOT RD,,
365D,UPP SERANGOON RD,,
218C,BOON LAY AVE,,
216A,BOON LAY AVE,,
10B,BENDEMEER RD,,
10C,BENDEMEER RD,,
120A,CANBERRA CRES,,
672A,YISHUN AVE 4,,
509C,YISHUN AVE 4,,
502B,YISHUN ST 51,,
455C,ANG MO KIO ST 44,,
455A,ANG MO KIO ST 44,,
455B,ANG MO KIO ST 44,,
260B,ANG MO KIO ST 21,,
226F,ANG MO KIO AVE 1,,
591A,ANG MO KIO ST 51,,
590A,ANG MO KIO ST 51,,
590B,ANG MO KIO ST 51,,
296B,BT BATOK ST 22,,
296C,BT BATOK ST 22,,
296A,BT BATOK ST 22,,
443D,BT BATOK WEST AVE 8,,
445B,BT BATOK WEST AVE 8,,
293D,BT BATOK ST 21,,
450A,BT BATOK WEST AVE 6,,
292A,BT BATOK EAST AVE 6,,
449B,BT BATOK WEST AVE 9,,
446A,BT BATOK WEST AVE 8,,
448C,BT BATOK WEST AVE 9,,
293C,BT BATOK ST 21,,
440D,BT BATOK WEST AVE 8,,
293A,BT BATOK ST 21,,
443C,BT BATOK WEST AVE 8,,
440C,BT BATOK WEST AVE 8,,
292C,BT BATOK EAST AVE 6,,
110A,DEPOT RD,,
165,BT MERAH CTRL,,
91A,TELOK BLANGAH ST 31,,
93A,TELOK BLANGAH ST 31,,
92A,TELOK BLANGAH ST 31,,
90B,TELOK BLANGAH ST 31,,
218B,BOON LAY AVE,,
217B,BOON LAY AVE,,
561A,JURONG WEST ST 42,,
218D,BOON LAY AVE,,
561B,JURONG WEST ST 42,,
217A,BOON LAY AVE,,
560A,JURONG WEST ST 42,,
216B,BOON LAY AVE,,
218A,BOON LAY AVE,,
164A,YUNG KUANG RD,,
165B,YUNG KUANG RD,,
165A,YUNG KUANG RD,,
166B,YUNG KUANG RD,,
166A,YUNG KUANG RD,,
78,LOR LIMAU,,
81,MARINE PARADE CTRL,,
226B,SUMANG LANE,,
222A,SUMANG LANE,,
227B,SUMANG LANE,,
682A,EDGEDALE PLAINS,,
226C,SUMANG LANE,,
683C,EDGEDALE PLAINS,,
682B,EDGEDALE PLAINS,,
224B,SUMANG LANE,,
682C,EDGEDALE PLAINS,,
684C,EDGEDALE PLAINS,,
683A,EDGEDALE PLAINS,,
224C,SUMANG LANE,,
224A,SUMANG LANE,,
327A,SUMANG WALK,,
683B,EDGEDALE PLAINS,,
231B,SUMANG LANE,,
234A,SUMANG LANE,,
221A,SUMANG LANE,,
231A,SUMANG LANE,,
684D,EDGEDALE PLAINS,,
684B,EDGEDALE PLAINS,,
327B,SUMANG WALK,,
659B,PUNGGOL EAST,,
684A,EDGEDALE PLAINS,,
659A,PUNGGOL EAST,,
327C,SUMANG WALK,,
220B,SUMANG LANE,,
233B,SUMANG LANE,,
220A,SUMANG LANE,,
234B,SUMANG LANE,,
232A,SUMANG LANE,,
32,GHIM MOH LINK,,
33,GHIM MOH LINK,,
29,GHIM MOH LINK,,
30,GHIM MOH LINK,,
31,GHIM MOH LINK,,
121C,CANBERRA ST,,
121A,CANBERRA ST,,
120D,CANBERRA CRES,,
120C,CANBERRA CRES,,
130B,CANBERRA CRES,,
130A,CANBERRA CRES,,
129A,CANBERRA ST,,
128A,CANBERRA ST,,
107B,CANBERRA ST,,
129C,CANBERRA ST,,
115B,CANBERRA WALK,,
104D,CANBERRA ST,,
129B,CANBERRA ST,,
107A,CANBERRA ST,,
104B,CANBERRA ST,,
108B,CANBERRA WALK,,
128C,CANBERRA ST,,
128B,CANBERRA ST,,
115A,CANBERRA WALK,,
108C,CANBERRA WALK,,
120B,CANBERRA CRES,,
104A,CANBERRA ST,,
108A,CANBERRA WALK,,
107C,CANBERRA ST,,
104C,CANBERRA ST,,
115D,CANBERRA WALK,,
115C,CANBERRA WALK,,
418A,FERNVALE LINK,,
338A,ANCHORVALE CRES,,
338B,ANCHORVALE CRES,,
338C,ANCHORVALE CRES,,
338D,ANCHORVALE CRES,,
418B,FERNVALE LINK,,
418C,FERNVALE LINK,,
417A,FERNVALE LINK,,
492G,TAMPINES ST 45,,
130A,LOR 1 TOA PAYOH,,
130B,LOR 1 TOA PAYOH,,
131A,LOR 1 TOA PAYOH,,
131B,LOR 1 TOA PAYOH,,
574B,WOODLANDS DR 16,,
785B,WOODLANDS RISE,,
785C,WOODLANDS RISE,,
784C,WOODLANDS RISE,,
785D,WOODLANDS RISE,,
691B,WOODLANDS DR 73,,
784A,WOODLANDS RISE,,
574A,WOODLANDS DR 16,,
573A,WOODLANDS DR 16,,
784B,WOODLANDS RISE,,
693A,WOODLANDS AVE 6,,
691A,WOODLANDS DR 73,,
783A,WOODLANDS RISE,,
573C,WOODLANDS DR 16,,
691D,WOODLANDS DR 73,,
573B,WOODLANDS DR 16,,
691C,WOODLANDS DR 73,,
783C,WOODLANDS RISE,,
783D,WOODLANDS RISE,,
783B,WOODLANDS RISE,,
694A,WOODLANDS DR 62,,
693B,WOODLANDS AVE 6,,
694D,WOODLANDS DR 62,,
694B,WOODLANDS DR 62,,
694C,WOODLANDS DR 62,,
693C,WOODLANDS AVE 6,,
672B,YISHUN AVE 4,,
813A,YISHUN RING RD,,
502D,YISHUN ST 51,,
502C,YISHUN ST 51,,
813B,YISHUN RING RD,,
509B,YISHUN AVE 4,,
513A,YISHUN ST 51,,
672C,YISHUN AVE 4,,
509A,YISHUN AVE 4,,
673A,YISHUN AVE 4,,
513D,YISHUN ST 51,,
513B,YISHUN ST 51,,
513C,YISHUN ST 51,,
675D,YISHUN AVE 4,,
675C,YISHUN AVE 4,,
677B,YISHUN RING RD,,
677C,YISHUN RING RD,,
675B,YISHUN AVE 4,,
674A,YISHUN AVE 4,,
676C,YISHUN RING RD,,
677A,YISHUN RING RD,,
673B,YISHUN AVE 4,,
676B,YISHUN RING RD,,
188A,BEDOK NTH ST 4,,
186B,BEDOK NTH ST 4,,
187A,BEDOK NTH ST 4,,
186A,BEDOK NTH ST 4,,
187B,BEDOK NTH ST 4,,
188B,BEDOK NTH ST 4,,
445A,BT BATOK WEST AVE 8,,
443B,BT BATOK WEST AVE 8,,
449A,BT BATOK WEST AVE 9,,
292B,BT BATOK EAST AVE 6,,
293B,BT BATOK ST 21,,
448A,BT BATOK WEST AVE 9,,
440A,BT BATOK WEST AVE 8,,
448B,BT BATOK WEST AVE 9,,
440B,BT BATOK WEST AVE 8,,
442A,BT BATOK WEST AVE 8,,
377,BT BATOK ST 31,,
451B,BT BATOK WEST AVE 6,,
441C,BT BATOK WEST AVE 8,,
450B,BT BATOK WEST AVE 6,,
441B,BT BATOK WEST AVE 8,,
442C,BT BATOK WEST AVE 8,,
443A,BT BATOK WEST AVE 8,,
442B,BT BATOK WEST AVE 8,,
450D,BT BATOK WEST AVE 6,,
453A,BT BATOK WEST AVE 6,,
450C,BT BATOK WEST AVE 6,,
452A,BT BATOK WEST AVE 6,,
453B,BT BATOK WEST AVE 6,,
451A,BT BATOK WEST AVE 6,,
441A,BT BATOK WEST AVE 8,,
461A,BT BATOK WEST AVE 8,,
461D,BT BATOK WEST AVE 8,,
435C,BT BATOK WEST AVE 5,,
461B,BT BATOK WEST AVE 8,,
461C,BT BATOK WEST AVE 8,,
436A,BT BATOK WEST AVE 5,,
435B,BT BATOK WEST AVE 5,,
90A,TELOK BLANGAH ST 31,,
93B,TELOK BLANGAH ST 31,,
92B,TELOK BLANGAH ST 31,,
997C,BUANGKOK CRES,,
997A,BUANGKOK CRES,,
997B,BUANGKOK CRES,,
992B,BUANGKOK LINK,,
998B,BUANGKOK CRES,,
992A,BUANGKOK LINK,,
991A,BUANGKOK LINK,,
991B,BUANGKOK LINK,,
996A,BUANGKOK CRES,,
996B,BUANGKOK CRES,,
998A,BUANGKOK CRES,,
995A,BUANGKOK CRES,,
996C,BUANGKOK CRES,,
995C,BUANGKOK CRES,,
995B,BUANGKOK CRES,,
999B,BUANGKOK CRES,,
140B,CORPORATION DR,,
140A,CORPORATION DR,,
150A,CORPORATION DR,,
140D,CORPORATION DR,,
140C,CORPORATION DR,,
233A,SUMANG LANE,,
232C,SUMANG LANE,,
220C,SUMANG LANE,,
658A,PUNGGOL EAST,,
659C,PUNGGOL EAST,,
221B,SUMANG LANE,,
233C,SUMANG LANE,,
658C,PUNGGOL EAST,,
232B,SUMANG LANE,,
326C,SUMANG WALK,,
322C,SUMANG WALK,,
658B,PUNGGOL EAST,,
322B,SUMANG WALK,,
322A,SUMANG WALK,,
322D,SUMANG WALK,,
325A,SUMANG WALK,,
323D,SUMANG WALK,,
323B,SUMANG WALK,,
325B,SUMANG WALK,,
323C,SUMANG WALK,,
53,STRATHMORE AVE,,
363A,SEMBAWANG CRES,,
365A,SEMBAWANG CRES,,
365B,SEMBAWANG CRES,,
362C,SEMBAWANG CRES,,
363B,SEMBAWANG CRES,,
366A,SEMBAWANG CRES,,
365C,SEMBAWANG CRES,,
362B,SEMBAWANG CRES,,
362A,SEMBAWANG CRES,,
366B,SEMBAWANG CRES,,
351D,ANCHORVALE RD,,
351B,ANCHORVALE RD,,
351A,ANCHORVALE RD,,
351C,ANCHORVALE RD,,
494G,TAMPINES ST 45,,
494H,TAMPINES ST 45,,
494J,TAMPINES ST 45,,
606B,TAMPINES ST 61,,
605B,TAMPINES ST 61,,
605A,TAMPINES ST 61,,
605C,TAMPINES ST 61,,
262,TOA PAYOH EAST,,
261,TOA PAYOH EAST,,
263,TOA PAYOH EAST,,
264,TOA PAYOH EAST,,
185C,WOODLANDS ST 13,,
185B,WOODLANDS ST 13,,
182A,WOODLANDS ST 13,,
183B,WOODLANDS ST 13,,
183A,WOODLANDS ST 13,,
183C,WOODLANDS ST 13,,
182B,WOODLANDS ST 13,,
184A,WOODLANDS ST 13,,
673C,YISHUN AVE 4,,
675A,YISHUN AVE 4,,
674B,YISHUN AVE 4,,
676A,YISHUN RING RD,,
462A,YISHUN AVE 6,,
462C,YISHUN AVE 6,,
462B,YISHUN AVE 6,,
468A,YISHUN ST 43,,
469A,YISHUN ST 43,,
462D,YISHUN AVE 6,,
469B,YISHUN ST 43,,
188C,BEDOK NTH ST 4,,
188D,BEDOK NTH ST 4,,
460A,BT BATOK WEST AVE 9,,
437A,BT BATOK WEST AVE 5,,
439C,BT BATOK WEST AVE 8,,
438B,BT BATOK WEST AVE 8,,
438A,BT BATOK WEST AVE 8,,
438C,BT BATOK WEST AVE 8,,
439B,BT BATOK WEST AVE 8,,
439A,BT BATOK WEST AVE 8,,
460B,BT BATOK WEST AVE 9,,
460C,BT BATOK WEST AVE 9,,
460D,BT BATOK WEST AVE 9,,
82B,CIRCUIT RD,,
83B,CIRCUIT RD,,
83A,CIRCUIT RD,,
82A,CIRCUIT RD,,
240A,JURONG EAST AVE 1,,
26A,ST. GEORGE'S LANE,,
25A,ST. GEORGE'S LANE,,
26B,ST. GEORGE'S LANE,,
323A,SUMANG WALK,,
79,DAWSON RD,,
116A,CANBERRA CRES,,
117A,CANBERRA CRES,,
118B,CANBERRA CRES,,
118A,CANBERRA CRES,,
117B,CANBERRA CRES,,
132B,CANBERRA VIEW,,
131C,CANBERRA CRES,,
131B,CANBERRA CRES,,
131A,CANBERRA CRES,,
101A,CANBERRA ST,,
132A,CANBERRA CRES,,
132C,CANBERRA VIEW,,
101B,CANBERRA ST,,
126C,CANBERRA ST,,
102A,CANBERRA ST,,
455A,SENGKANG WEST AVE,,
457B,SENGKANG WEST RD,,
455B,SENGKANG WEST AVE,,
458B,SENGKANG WEST RD,,
353A,ANCHORVALE LANE,,
458A,SENGKANG WEST RD,,
458C,SENGKANG WEST RD,,
456A,SENGKANG WEST RD,,
456B,SENGKANG WEST RD,,
353B,ANCHORVALE LANE,,
606A,TAMPINES ST 61,,
606D,TAMPINES ST 61,,
605D,TAMPINES ST 61,,
606C,TAMPINES ST 61,,
601A,TAMPINES AVE 9,,
604B,TAMPINES AVE 9,,
601D,TAMPINES AVE 9,,
604A,TAMPINES AVE 9,,
601B,TAMPINES AVE 9,,
601C,TAMPINES AVE 9,,
610C,TAMPINES NTH DR 1,,
610A,TAMPINES NTH DR 1,,
612B,TAMPINES NTH DR 1,,
612A,TAMPINES NTH DR 1,,
609D,TAMPINES NTH DR 1,,
609C,TAMPINES NTH DR 1,,
608C,TAMPINES NTH DR 1,,
610B,TAMPINES NTH DR 1,,
608A,TAMPINES NTH DR 1,,
609A,TAMPINES NTH DR 1,,
609B,TAMPINES NTH DR 1,,
608B,TAMPINES NTH DR 1,,
613B,TAMPINES NTH DR 1,,
106B,BIDADARI PK DR,,
105A,BIDADARI PK DR,,
106A,BIDADARI PK DR,,
105B,BIDADARI PK DR,,
115C,ALKAFF CRES,,
227A,ANG MO KIO ST 23,,
429B,BEDOK NTH RD,,
431A,BEDOK NTH RD,,
430A,BEDOK NTH RD,,
464B,BT BATOK WEST AVE 8,,
468B,BT BATOK WEST AVE 9,,
463B,BT BATOK ST 41,,
463A,BT BATOK ST 41,,
464A,BT BATOK WEST AVE 8,,
445A,CLEMENTI AVE 3,,
445B,CLEMENTI AVE 3,,
115,ALJUNIED AVE 2,,
993A,BUANGKOK LINK,,
993B,BUANGKOK LINK,,
994A,BUANGKOK LINK,,
994B,BUANGKOK LINK,,
994C,BUANGKOK LINK,,
405B,NORTHSHORE DR,,
405A,NORTHSHORE DR,,
408A,NORTHSHORE DR,,
408B,NORTHSHORE DR,,
408C,NORTHSHORE DR,,
406B,NORTHSHORE DR,,
406C,NORTHSHORE DR,,
406A,NORTHSHORE DR,,
409A,NORTHSHORE DR,,
409C,NORTHSHORE DR,,
95,DAWSON RD,,
78,DAWSON RD,,
96,DAWSON RD,,
102B,CANBERRA ST,,
103A,CANBERRA ST,,
103B,CANBERRA ST,,
126D,CANBERRA ST,,
126A,CANBERRA ST,,
126B,CANBERRA ST,,
355A,ANCHORVALE LANE,,
356A,ANCHORVALE LANE,,
356B,ANCHORVALE LANE,,
457A,SENGKANG WEST RD,,
613A,TAMPINES NTH DR 1,,
876A,TAMPINES AVE 8,,
614A,TAMPINES NTH DR 1,,
614B,TAMPINES NTH DR 1,,
875B,TAMPINES ST 86,,
115A,ALKAFF CRES,,
118A,ALKAFF CRES,,
102B,BIDADARI PK DR,,
101A,BIDADARI PK DR,,
102A,BIDADARI PK DR,,
479A,YISHUN ST 42,,
478B,YISHUN ST 44,,
478C,YISHUN ST 44,,
478A,YISHUN ST 44,,
479B,YISHUN ST 42,,
479C,YISHUN ST 42,,
228B,ANG MO KIO ST 23,,
228A,ANG MO KIO ST 23,,
547B,BEDOK NTH AVE 1,,
547A,BEDOK NTH AVE 1,,
154B,BEDOK STH RD,,
154A,BEDOK STH RD,,
153C,BEDOK STH RD,,
153B,BEDOK STH RD,,
468A,BT BATOK WEST AVE 9,,
467C,BT BATOK WEST AVE 9,,
467A,BT BATOK WEST AVE 9,,
467B,BT BATOK WEST AVE 9,,
153,JLN TECK WHYE,,
377A,HOUGANG ST 32,,
377B,HOUGANG ST 32,,
421A,NORTHSHORE DR,,
421B,NORTHSHORE DR,,
409B,NORTHSHORE DR,,
409D,NORTHSHORE DR,,
413C,NORTHSHORE DR,,
422A,NORTHSHORE DR,,
415B,NORTHSHORE DR,,
415A,NORTHSHORE DR,,
422B,NORTHSHORE DR,,
94,DAWSON RD,,
876C,TAMPINES AVE 8,,
619B,TAMPINES ST 61,,
618B,TAMPINES ST 61,,
619A,TAMPINES ST 61,,
620A,TAMPINES ST 61,,
618A,TAMPINES ST 61,,
874B,TAMPINES ST 85,,
874C,TAMPINES ST 85,,
874D,TAMPINES ST 85,,
103B,BIDADARI PK DR,,
103A,BIDADARI PK DR,,
104A,BIDADARI PK DR,,
